id,name,year,urbanpop,totalpop,urbrate,fpresence,westelbe,protestant,latitude,longitude,distpa,ccodenoalr,ccodenoalroff,ccodenoalron,ccodeall,ccodealloff,ccodeallon,agreform1first,agreform1off,agreform1on,agreform2first,agreform2off,agreform2on,guildsfirst,guildsoff,guildson,territories,yr1700,yr1750,yr1800,yr1850,yr1875,yr1900,fpresence1750,fpresence1800,fpresence1850,fpresence1875,fpresence1900,protestant1750,protestant1800,protestant1850,protestant1875,protestant1900,latitude1750,latitude1800,latitude1850,latitude1875,latitude1900,longitude1750,longitude1800,longitude1850,longitude1875,longitude1900,distpa1750,distpa1800,distpa1850,distpa1875,distpa1900,territories1850,territories1875,territories1900,totalpop1750,urbanization1750,urbanization17501800,urbanization17501850,urbanization17501875,urbanization17501900,yr1880,yr1885,yr1895,yr1905,yr1910,fpresence1880,fpresence1885,fpresence1895,fpresence1905,fpresence1910,yearscc,yearsag1,yearsag2,yearsgu,yearsref,timetrend,post1800,post1800trend,fpresenceXpost,fpresenceXpostXtrend
1,Rhineland,1700,83000.0,,,19,1,0.25,50.35,7.6,413.05524,1802,0,0,1802,0,0,1798,0,0,1804,0,0,1795,0,0,45,1.0,0.0,0.0,0.0,0.0,0.0,0.0,0.0,0.0,0.0,0.0,0.0,0.0,0.0,0.0,0.0,0.0,0.0,0.0,0.0,0.0,0.0,0.0,0.0,0.0,0.0,0.0,0.0,0.0,0.0,0.0,0.0,0.0,0.0,1438817.0,8.9657,0.0,0.0,0.0,0.0,0.0,0.0,0.0,0.0,0.0,0.0,0.0,0.0,0.0,0.0,0.0,0.0,0.0,0.0,0.0,1.7,0.0,0.0,0.0,0.0
1,Rhineland,1750,129000.0,1438817.0,8.9657,19,1,0.25,50.35,7.6,413.05524,1802,0,0,1802,0,0,1798,0,0,1804,0,0,1795,0,0,45,0.0,1.0,0.0,0.0,0.0,0.0,19.0,0.0,0.0,0.0,0.0,0.25,0.0,0.0,0.0,0.0,50.35,0.0,0.0,0.0,0.0,7.6,0.0,0.0,0.0,0.0,413.05524,0.0,0.0,0.0,0.0,0.0,0.0,0.0,1438817.0,8.9657,0.0,0.0,0.0,0.0,0.0,0.0,0.0,0.0,0.0,0.0,0.0,0.0,0.0,0.0,0.0,0.0,0.0,0.0,0.0,1.75,0.0,0.0,0.0,0.0
1,Rhineland,1800,274000.0,1860719.0,14.725494,19,1,0.25,50.35,7.6,413.05524,1802,0,0,1802,0,0,1798,0,0,1804,0,0,1795,0,0,45,0.0,0.0,1.0,0.0,0.0,0.0,0.0,19.0,0.0,0.0,0.0,0.0,0.25,0.0,0.0,0.0,0.0,50.35,0.0,0.0,0.0,0.0,7.6,0.0,0.0,0.0,0.0,413.05524,0.0,0.0,0.0,0.0,0.0,0.0,1438817.0,8.9657,8.9657,0.0,0.0,0.0,0.0,0.0,0.0,0.0,0.0,0.0,0.0,0.0,0.0,0.0,0.0,2.0,0.0,5.0,1.75,1.8,0.0,0.0,0.0,0.0
1,Rhineland,1850,572278.0,2846708.0,20.103167,19,1,0.25,50.35,7.6,413.05524,1802,0,0,1802,0,0,1798,0,0,1804,0,0,1795,0,0,45,0.0,0.0,0.0,1.0,0.0,0.0,0.0,0.0,19.0,0.0,0.0,0.0,0.0,0.25,0.0,0.0,0.0,0.0,50.35,0.0,0.0,0.0,0.0,7.6,0.0,0.0,0.0,0.0,413.05524,0.0,0.0,45.0,0.0,0.0,1438817.0,8.9657,0.0,8.9657,0.0,0.0,0.0,0.0,0.0,0.0,0.0,0.0,0.0,0.0,0.0,0.0,48.0,52.0,46.0,55.0,50.25,1.85,1.0,1850.0,19.0,35.15
1,Rhineland,1875,1629051.0,3804381.0,42.820396,19,1,0.25,50.35,7.6,413.05524,1802,0,0,1802,0,0,1798,0,0,1804,0,0,1795,0,0,45,0.0,0.0,0.0,0.0,1.0,0.0,0.0,0.0,0.0,19.0,0.0,0.0,0.0,0.0,0.25,0.0,0.0,0.0,0.0,50.35,0.0,0.0,0.0,0.0,7.6,0.0,0.0,0.0,0.0,413.05524,0.0,0.0,45.0,0.0,1438817.0,8.9657,0.0,0.0,8.9657,0.0,0.0,0.0,0.0,0.0,0.0,0.0,0.0,0.0,0.0,0.0,73.0,77.0,71.0,80.0,75.25,1.875,1.0,1875.0,19.0,35.625
1,Rhineland,1880,1850627.0,4074000.0,45.42531,19,1,0.25,50.35,7.6,413.05524,1802,0,0,1802,0,0,1798,0,0,1804,0,0,1795,0,0,45,0.0,0.0,0.0,0.0,0.0,0.0,0.0,0.0,0.0,0.0,0.0,0.0,0.0,0.0,0.0,0.0,0.0,0.0,0.0,0.0,0.0,0.0,0.0,0.0,0.0,0.0,0.0,0.0,0.0,0.0,0.0,0.0,0.0,0.0,,,0.0,0.0,0.0,0.0,1.0,0.0,0.0,0.0,0.0,19.0,0.0,0.0,0.0,0.0,78.0,82.0,76.0,85.0,80.25,1.88,1.0,1880.0,19.0,35.72
1,Rhineland,1885,2103753.0,4344527.0,48.42306,19,1,0.25,50.35,7.6,413.05524,1802,0,0,1802,0,0,1798,0,0,1804,0,0,1795,0,0,45,0.0,0.0,0.0,0.0,0.0,0.0,0.0,0.0,0.0,0.0,0.0,0.0,0.0,0.0,0.0,0.0,0.0,0.0,0.0,0.0,0.0,0.0,0.0,0.0,0.0,0.0,0.0,0.0,0.0,0.0,0.0,0.0,0.0,0.0,,,0.0,0.0,0.0,0.0,0.0,1.0,0.0,0.0,0.0,0.0,19.0,0.0,0.0,0.0,83.0,87.0,81.0,90.0,85.25,1.885,1.0,1885.0,19.0,35.815
1,Rhineland,1895,2836140.0,5106002.0,55.54522,19,1,0.25,50.35,7.6,413.05524,1802,0,0,1802,0,0,1798,0,0,1804,0,0,1795,0,0,45,0.0,0.0,0.0,0.0,0.0,0.0,0.0,0.0,0.0,0.0,0.0,0.0,0.0,0.0,0.0,0.0,0.0,0.0,0.0,0.0,0.0,0.0,0.0,0.0,0.0,0.0,0.0,0.0,0.0,0.0,0.0,0.0,0.0,0.0,,,0.0,0.0,0.0,0.0,0.0,0.0,1.0,0.0,0.0,0.0,0.0,19.0,0.0,0.0,93.0,97.0,91.0,100.0,95.25,1.895,1.0,1895.0,19.0,36.005
1,Rhineland,1900,3506587.0,5759798.0,60.880383,19,1,0.25,50.35,7.6,413.05524,1802,0,0,1802,0,0,1798,0,0,1804,0,0,1795,0,0,45,0.0,0.0,0.0,0.0,0.0,1.0,0.0,0.0,0.0,0.0,19.0,0.0,0.0,0.0,0.0,0.25,0.0,0.0,0.0,0.0,50.35,0.0,0.0,0.0,0.0,7.6,0.0,0.0,0.0,0.0,413.05524,0.0,0.0,45.0,1438817.0,8.9657,0.0,0.0,0.0,8.9657,0.0,0.0,0.0,0.0,0.0,0.0,0.0,0.0,0.0,0.0,98.0,102.0,96.0,105.0,100.25,1.9,1.0,1900.0,19.0,36.1
1,Rhineland,1905,4145633.0,6436337.0,64.40982,19,1,0.25,50.35,7.6,413.05524,1802,0,0,1802,0,0,1798,0,0,1804,0,0,1795,0,0,45,0.0,0.0,0.0,0.0,0.0,0.0,0.0,0.0,0.0,0.0,0.0,0.0,0.0,0.0,0.0,0.0,0.0,0.0,0.0,0.0,0.0,0.0,0.0,0.0,0.0,0.0,0.0,0.0,0.0,0.0,0.0,0.0,0.0,0.0,,,0.0,0.0,0.0,0.0,0.0,0.0,0.0,1.0,0.0,0.0,0.0,0.0,19.0,0.0,103.0,107.0,101.0,110.0,105.25,1.905,1.0,1905.0,19.0,36.195
1,Rhineland,1910,4806725.0,7121140.0,67.499374,19,1,0.25,50.35,7.6,413.05524,1802,0,0,1802,0,0,1798,0,0,1804,0,0,1795,0,0,45,0.0,0.0,0.0,0.0,0.0,0.0,0.0,0.0,0.0,0.0,0.0,0.0,0.0,0.0,0.0,0.0,0.0,0.0,0.0,0.0,0.0,0.0,0.0,0.0,0.0,0.0,0.0,0.0,0.0,0.0,0.0,0.0,0.0,0.0,,,0.0,0.0,0.0,0.0,0.0,0.0,0.0,0.0,1.0,0.0,0.0,0.0,0.0,19.0,108.0,112.0,106.0,115.0,110.25,1.91,1.0,1910.0,19.0,36.29
2,Mark,1700,5000.0,117963.0,4.238618,6,1,0.6,51.683334,7.8166666,499.6255,1810,1815,1900,1810,0,0,1808,0,0,1825,0,0,1809,0,0,1,1.0,0.0,0.0,0.0,0.0,0.0,0.0,0.0,0.0,0.0,0.0,0.0,0.0,0.0,0.0,0.0,0.0,0.0,0.0,0.0,0.0,0.0,0.0,0.0,0.0,0.0,0.0,0.0,0.0,0.0,0.0,0.0,0.0,0.0,149869.0,3.3362536,0.0,0.0,0.0,0.0,0.0,0.0,0.0,0.0,0.0,0.0,0.0,0.0,0.0,0.0,0.0,0.0,0.0,0.0,0.0,1.7,0.0,0.0,0.0,0.0
2,Mark,1750,5000.0,149869.0,3.3362536,6,1,0.6,51.683334,7.8166666,499.6255,1810,1815,1900,1810,0,0,1808,0,0,1825,0,0,1809,0,0,1,0.0,1.0,0.0,0.0,0.0,0.0,6.0,0.0,0.0,0.0,0.0,0.6,0.0,0.0,0.0,0.0,51.683334,0.0,0.0,0.0,0.0,7.8166666,0.0,0.0,0.0,0.0,499.6255,0.0,0.0,0.0,0.0,0.0,0.0,0.0,149869.0,3.3362536,0.0,0.0,0.0,0.0,0.0,0.0,0.0,0.0,0.0,0.0,0.0,0.0,0.0,0.0,0.0,0.0,0.0,0.0,0.0,1.75,0.0,0.0,0.0,0.0
2,Mark,1800,36000.0,193096.0,18.643532,6,1,0.6,51.683334,7.8166666,499.6255,1810,1815,1900,1810,0,0,1808,0,0,1825,0,0,1809,0,0,1,0.0,0.0,1.0,0.0,0.0,0.0,0.0,6.0,0.0,0.0,0.0,0.0,0.6,0.0,0.0,0.0,0.0,51.683334,0.0,0.0,0.0,0.0,7.8166666,0.0,0.0,0.0,0.0,499.6255,0.0,0.0,0.0,0.0,0.0,0.0,149869.0,3.3362536,3.3362536,0.0,0.0,0.0,0.0,0.0,0.0,0.0,0.0,0.0,0.0,0.0,0.0,0.0,0.0,0.0,0.0,0.0,0.0,1.8,0.0,0.0,0.0,0.0
2,Mark,1850,55628.0,362392.0,15.35011,6,1,0.6,51.683334,7.8166666,499.6255,1810,1815,1900,1810,0,0,1808,0,0,1825,0,0,1809,0,0,1,0.0,0.0,0.0,1.0,0.0,0.0,0.0,0.0,6.0,0.0,0.0,0.0,0.0,0.6,0.0,0.0,0.0,0.0,51.683334,0.0,0.0,0.0,0.0,7.8166666,0.0,0.0,0.0,0.0,499.6255,0.0,0.0,1.0,0.0,0.0,149869.0,3.3362536,0.0,3.3362536,0.0,0.0,0.0,0.0,0.0,0.0,0.0,0.0,0.0,0.0,0.0,0.0,5.0,42.0,25.0,41.0,28.25,1.85,1.0,1850.0,6.0,11.1
2,Mark,1875,305301.0,721466.0,42.316753,6,1,0.6,51.683334,7.8166666,499.6255,1810,1815,1900,1810,0,0,1808,0,0,1825,0,0,1809,0,0,1,0.0,0.0,0.0,0.0,1.0,0.0,0.0,0.0,0.0,6.0,0.0,0.0,0.0,0.0,0.6,0.0,0.0,0.0,0.0,51.683334,0.0,0.0,0.0,0.0,7.8166666,0.0,0.0,0.0,0.0,499.6255,0.0,0.0,1.0,0.0,149869.0,3.3362536,0.0,0.0,3.3362536,0.0,0.0,0.0,0.0,0.0,0.0,0.0,0.0,0.0,0.0,0.0,5.0,67.0,50.0,66.0,47.0,1.875,1.0,1875.0,6.0,11.25
2,Mark,1880,,,,6,1,0.6,51.683334,7.8166666,499.6255,1810,1815,1900,1810,0,0,1808,0,0,1825,0,0,1809,0,0,1,0.0,0.0,0.0,0.0,0.0,0.0,0.0,0.0,0.0,0.0,0.0,0.0,0.0,0.0,0.0,0.0,0.0,0.0,0.0,0.0,0.0,0.0,0.0,0.0,0.0,0.0,0.0,0.0,0.0,0.0,0.0,0.0,0.0,0.0,,,0.0,0.0,0.0,0.0,1.0,0.0,0.0,0.0,0.0,6.0,0.0,0.0,0.0,0.0,5.0,72.0,55.0,71.0,50.75,1.88,1.0,1880.0,6.0,11.28
2,Mark,1885,,,,6,1,0.6,51.683334,7.8166666,499.6255,1810,1815,1900,1810,0,0,1808,0,0,1825,0,0,1809,0,0,1,0.0,0.0,0.0,0.0,0.0,0.0,0.0,0.0,0.0,0.0,0.0,0.0,0.0,0.0,0.0,0.0,0.0,0.0,0.0,0.0,0.0,0.0,0.0,0.0,0.0,0.0,0.0,0.0,0.0,0.0,0.0,0.0,0.0,0.0,,,0.0,0.0,0.0,0.0,0.0,1.0,0.0,0.0,0.0,0.0,6.0,0.0,0.0,0.0,5.0,77.0,60.0,76.0,54.5,1.885,1.0,1885.0,6.0,11.309999
2,Mark,1895,,,,6,1,0.6,51.683334,7.8166666,499.6255,1810,1815,1900,1810,0,0,1808,0,0,1825,0,0,1809,0,0,1,0.0,0.0,0.0,0.0,0.0,0.0,0.0,0.0,0.0,0.0,0.0,0.0,0.0,0.0,0.0,0.0,0.0,0.0,0.0,0.0,0.0,0.0,0.0,0.0,0.0,0.0,0.0,0.0,0.0,0.0,0.0,0.0,0.0,0.0,,,0.0,0.0,0.0,0.0,0.0,0.0,1.0,0.0,0.0,0.0,0.0,6.0,0.0,0.0,5.0,87.0,70.0,86.0,62.0,1.895,1.0,1895.0,6.0,11.37
2,Mark,1900,1134655.0,1514546.0,74.91717,6,1,0.6,51.683334,7.8166666,499.6255,1810,1815,1900,1810,0,0,1808,0,0,1825,0,0,1809,0,0,1,0.0,0.0,0.0,0.0,0.0,1.0,0.0,0.0,0.0,0.0,6.0,0.0,0.0,0.0,0.0,0.6,0.0,0.0,0.0,0.0,51.683334,0.0,0.0,0.0,0.0,7.8166666,0.0,0.0,0.0,0.0,499.6255,0.0,0.0,1.0,149869.0,3.3362536,0.0,0.0,0.0,3.3362536,0.0,0.0,0.0,0.0,0.0,0.0,0.0,0.0,0.0,0.0,5.0,92.0,75.0,91.0,65.75,1.9,1.0,1900.0,6.0,11.4
2,Mark,1905,,,,6,1,0.6,51.683334,7.8166666,499.6255,1810,1815,1900,1810,0,0,1808,0,0,1825,0,0,1809,0,0,1,0.0,0.0,0.0,0.0,0.0,0.0,0.0,0.0,0.0,0.0,0.0,0.0,0.0,0.0,0.0,0.0,0.0,0.0,0.0,0.0,0.0,0.0,0.0,0.0,0.0,0.0,0.0,0.0,0.0,0.0,0.0,0.0,0.0,0.0,,,0.0,0.0,0.0,0.0,0.0,0.0,0.0,1.0,0.0,0.0,0.0,0.0,6.0,0.0,10.0,97.0,80.0,96.0,70.75,1.905,1.0,1905.0,6.0,11.43
2,Mark,1910,,,,6,1,0.6,51.683334,7.8166666,499.6255,1810,1815,1900,1810,0,0,1808,0,0,1825,0,0,1809,0,0,1,0.0,0.0,0.0,0.0,0.0,0.0,0.0,0.0,0.0,0.0,0.0,0.0,0.0,0.0,0.0,0.0,0.0,0.0,0.0,0.0,0.0,0.0,0.0,0.0,0.0,0.0,0.0,0.0,0.0,0.0,0.0,0.0,0.0,0.0,,,0.0,0.0,0.0,0.0,0.0,0.0,0.0,0.0,1.0,0.0,0.0,0.0,0.0,6.0,15.0,102.0,85.0,101.0,75.75,1.91,1.0,1910.0,6.0,11.46
3,Westphalia without Mark,1700,7000.0,,,6,1,0.4,51.966667,7.633333,509.55502,1810,1815,1900,1810,0,0,1808,0,0,1825,0,0,1809,0,0,24,1.0,0.0,0.0,0.0,0.0,0.0,0.0,0.0,0.0,0.0,0.0,0.0,0.0,0.0,0.0,0.0,0.0,0.0,0.0,0.0,0.0,0.0,0.0,0.0,0.0,0.0,0.0,0.0,0.0,0.0,0.0,0.0,0.0,0.0,528851.0,2.6472461,0.0,0.0,0.0,0.0,0.0,0.0,0.0,0.0,0.0,0.0,0.0,0.0,0.0,0.0,0.0,0.0,0.0,0.0,0.0,1.7,0.0,0.0,0.0,0.0
3,Westphalia without Mark,1750,14000.0,528851.0,2.6472461,6,1,0.4,51.966667,7.633333,509.55502,1810,1815,1900,1810,0,0,1808,0,0,1825,0,0,1809,0,0,24,0.0,1.0,0.0,0.0,0.0,0.0,6.0,0.0,0.0,0.0,0.0,0.4,0.0,0.0,0.0,0.0,51.966667,0.0,0.0,0.0,0.0,7.633333,0.0,0.0,0.0,0.0,509.55502,0.0,0.0,0.0,0.0,0.0,0.0,0.0,528851.0,2.6472461,0.0,0.0,0.0,0.0,0.0,0.0,0.0,0.0,0.0,0.0,0.0,0.0,0.0,0.0,0.0,0.0,0.0,0.0,0.0,1.75,0.0,0.0,0.0,0.0
3,Westphalia without Mark,1800,55000.0,763110.0,7.20735,6,1,0.4,51.966667,7.633333,509.55502,1810,1815,1900,1810,0,0,1808,0,0,1825,0,0,1809,0,0,24,0.0,0.0,1.0,0.0,0.0,0.0,0.0,6.0,0.0,0.0,0.0,0.0,0.4,0.0,0.0,0.0,0.0,51.966667,0.0,0.0,0.0,0.0,7.633333,0.0,0.0,0.0,0.0,509.55502,0.0,0.0,0.0,0.0,0.0,0.0,528851.0,2.6472461,2.6472461,0.0,0.0,0.0,0.0,0.0,0.0,0.0,0.0,0.0,0.0,0.0,0.0,0.0,0.0,0.0,0.0,0.0,0.0,1.8,0.0,0.0,0.0,0.0
3,Westphalia without Mark,1850,61000.0,1120946.0,5.4418325,6,1,0.4,51.966667,7.633333,509.55502,1810,1815,1900,1810,0,0,1808,0,0,1825,0,0,1809,0,0,24,0.0,0.0,0.0,1.0,0.0,0.0,0.0,0.0,6.0,0.0,0.0,0.0,0.0,0.4,0.0,0.0,0.0,0.0,51.966667,0.0,0.0,0.0,0.0,7.633333,0.0,0.0,0.0,0.0,509.55502,0.0,0.0,24.0,0.0,0.0,528851.0,2.6472461,0.0,2.6472461,0.0,0.0,0.0,0.0,0.0,0.0,0.0,0.0,0.0,0.0,0.0,0.0,5.0,42.0,25.0,41.0,28.25,1.85,1.0,1850.0,6.0,11.1
3,Westphalia without Mark,1875,190503.0,1184231.0,16.086641,6,1,0.4,51.966667,7.633333,509.55502,1810,1815,1900,1810,0,0,1808,0,0,1825,0,0,1809,0,0,24,0.0,0.0,0.0,0.0,1.0,0.0,0.0,0.0,0.0,6.0,0.0,0.0,0.0,0.0,0.4,0.0,0.0,0.0,0.0,51.966667,0.0,0.0,0.0,0.0,7.633333,0.0,0.0,0.0,0.0,509.55502,0.0,0.0,24.0,0.0,528851.0,2.6472461,0.0,0.0,2.6472461,0.0,0.0,0.0,0.0,0.0,0.0,0.0,0.0,0.0,0.0,0.0,5.0,67.0,50.0,66.0,47.0,1.875,1.0,1875.0,6.0,11.25
3,Westphalia without Mark,1880,,,,6,1,0.4,51.966667,7.633333,509.55502,1810,1815,1900,1810,0,0,1808,0,0,1825,0,0,1809,0,0,24,0.0,0.0,0.0,0.0,0.0,0.0,0.0,0.0,0.0,0.0,0.0,0.0,0.0,0.0,0.0,0.0,0.0,0.0,0.0,0.0,0.0,0.0,0.0,0.0,0.0,0.0,0.0,0.0,0.0,0.0,0.0,0.0,0.0,0.0,,,0.0,0.0,0.0,0.0,1.0,0.0,0.0,0.0,0.0,6.0,0.0,0.0,0.0,0.0,5.0,72.0,55.0,71.0,50.75,1.88,1.0,1880.0,6.0,11.28
3,Westphalia without Mark,1885,,,,6,1,0.4,51.966667,7.633333,509.55502,1810,1815,1900,1810,0,0,1808,0,0,1825,0,0,1809,0,0,24,0.0,0.0,0.0,0.0,0.0,0.0,0.0,0.0,0.0,0.0,0.0,0.0,0.0,0.0,0.0,0.0,0.0,0.0,0.0,0.0,0.0,0.0,0.0,0.0,0.0,0.0,0.0,0.0,0.0,0.0,0.0,0.0,0.0,0.0,,,0.0,0.0,0.0,0.0,0.0,1.0,0.0,0.0,0.0,0.0,6.0,0.0,0.0,0.0,5.0,77.0,60.0,76.0,54.5,1.885,1.0,1885.0,6.0,11.309999
3,Westphalia without Mark,1895,,,,6,1,0.4,51.966667,7.633333,509.55502,1810,1815,1900,1810,0,0,1808,0,0,1825,0,0,1809,0,0,24,0.0,0.0,0.0,0.0,0.0,0.0,0.0,0.0,0.0,0.0,0.0,0.0,0.0,0.0,0.0,0.0,0.0,0.0,0.0,0.0,0.0,0.0,0.0,0.0,0.0,0.0,0.0,0.0,0.0,0.0,0.0,0.0,0.0,0.0,,,0.0,0.0,0.0,0.0,0.0,0.0,1.0,0.0,0.0,0.0,0.0,6.0,0.0,0.0,5.0,87.0,70.0,86.0,62.0,1.895,1.0,1895.0,6.0,11.37
3,Westphalia without Mark,1900,579467.0,1673231.0,34.63162,6,1,0.4,51.966667,7.633333,509.55502,1810,1815,1900,1810,0,0,1808,0,0,1825,0,0,1809,0,0,24,0.0,0.0,0.0,0.0,0.0,1.0,0.0,0.0,0.0,0.0,6.0,0.0,0.0,0.0,0.0,0.4,0.0,0.0,0.0,0.0,51.966667,0.0,0.0,0.0,0.0,7.633333,0.0,0.0,0.0,0.0,509.55502,0.0,0.0,24.0,528851.0,2.6472461,0.0,0.0,0.0,2.6472461,0.0,0.0,0.0,0.0,0.0,0.0,0.0,0.0,0.0,0.0,5.0,92.0,75.0,91.0,65.75,1.9,1.0,1900.0,6.0,11.4
3,Westphalia without Mark,1905,,,,6,1,0.4,51.966667,7.633333,509.55502,1810,1815,1900,1810,0,0,1808,0,0,1825,0,0,1809,0,0,24,0.0,0.0,0.0,0.0,0.0,0.0,0.0,0.0,0.0,0.0,0.0,0.0,0.0,0.0,0.0,0.0,0.0,0.0,0.0,0.0,0.0,0.0,0.0,0.0,0.0,0.0,0.0,0.0,0.0,0.0,0.0,0.0,0.0,0.0,,,0.0,0.0,0.0,0.0,0.0,0.0,0.0,1.0,0.0,0.0,0.0,0.0,6.0,0.0,10.0,97.0,80.0,96.0,70.75,1.905,1.0,1905.0,6.0,11.43
3,Westphalia without Mark,1910,,,,6,1,0.4,51.966667,7.633333,509.55502,1810,1815,1900,1810,0,0,1808,0,0,1825,0,0,1809,0,0,24,0.0,0.0,0.0,0.0,0.0,0.0,0.0,0.0,0.0,0.0,0.0,0.0,0.0,0.0,0.0,0.0,0.0,0.0,0.0,0.0,0.0,0.0,0.0,0.0,0.0,0.0,0.0,0.0,0.0,0.0,0.0,0.0,0.0,0.0,,,0.0,0.0,0.0,0.0,0.0,0.0,0.0,0.0,1.0,0.0,0.0,0.0,0.0,6.0,15.0,102.0,85.0,101.0,75.75,1.91,1.0,1910.0,6.0,11.46
4,Bavarian Palatinate,1700,0.0,129117.0,0.0,19,1,0.55,49.319443,8.431111,445.4702,1802,0,0,1802,0,0,1798,0,0,1804,0,0,1795,0,0,19,1.0,0.0,0.0,0.0,0.0,0.0,0.0,0.0,0.0,0.0,0.0,0.0,0.0,0.0,0.0,0.0,0.0,0.0,0.0,0.0,0.0,0.0,0.0,0.0,0.0,0.0,0.0,0.0,0.0,0.0,0.0,0.0,0.0,0.0,239105.0,2.0911314,0.0,0.0,0.0,0.0,0.0,0.0,0.0,0.0,0.0,0.0,0.0,0.0,0.0,0.0,0.0,0.0,0.0,0.0,0.0,1.7,0.0,0.0,0.0,0.0
4,Bavarian Palatinate,1750,5000.0,239105.0,2.0911314,19,1,0.55,49.319443,8.431111,445.4702,1802,0,0,1802,0,0,1798,0,0,1804,0,0,1795,0,0,19,0.0,1.0,0.0,0.0,0.0,0.0,19.0,0.0,0.0,0.0,0.0,0.55,0.0,0.0,0.0,0.0,49.319443,0.0,0.0,0.0,0.0,8.431111,0.0,0.0,0.0,0.0,445.4702,0.0,0.0,0.0,0.0,0.0,0.0,0.0,239105.0,2.0911314,0.0,0.0,0.0,0.0,0.0,0.0,0.0,0.0,0.0,0.0,0.0,0.0,0.0,0.0,0.0,0.0,0.0,0.0,0.0,1.75,0.0,0.0,0.0,0.0
4,Bavarian Palatinate,1800,21000.0,403778.0,5.2008777,19,1,0.55,49.319443,8.431111,445.4702,1802,0,0,1802,0,0,1798,0,0,1804,0,0,1795,0,0,19,0.0,0.0,1.0,0.0,0.0,0.0,0.0,19.0,0.0,0.0,0.0,0.0,0.55,0.0,0.0,0.0,0.0,49.319443,0.0,0.0,0.0,0.0,8.431111,0.0,0.0,0.0,0.0,445.4702,0.0,0.0,0.0,0.0,0.0,0.0,239105.0,2.0911314,2.0911314,0.0,0.0,0.0,0.0,0.0,0.0,0.0,0.0,0.0,0.0,0.0,0.0,0.0,0.0,2.0,0.0,5.0,1.75,1.8,0.0,0.0,0.0,0.0
4,Bavarian Palatinate,1850,65931.0,614734.0,10.725126,19,1,0.55,49.319443,8.431111,445.4702,1802,0,0,1802,0,0,1798,0,0,1804,0,0,1795,0,0,19,0.0,0.0,0.0,1.0,0.0,0.0,0.0,0.0,19.0,0.0,0.0,0.0,0.0,0.55,0.0,0.0,0.0,0.0,49.319443,0.0,0.0,0.0,0.0,8.431111,0.0,0.0,0.0,0.0,445.4702,0.0,0.0,19.0,0.0,0.0,239105.0,2.0911314,0.0,2.0911314,0.0,0.0,0.0,0.0,0.0,0.0,0.0,0.0,0.0,0.0,0.0,0.0,48.0,52.0,46.0,55.0,50.25,1.85,1.0,1850.0,19.0,35.15
4,Bavarian Palatinate,1875,120759.0,641289.0,18.830667,19,1,0.55,49.319443,8.431111,445.4702,1802,0,0,1802,0,0,1798,0,0,1804,0,0,1795,0,0,19,0.0,0.0,0.0,0.0,1.0,0.0,0.0,0.0,0.0,19.0,0.0,0.0,0.0,0.0,0.55,0.0,0.0,0.0,0.0,49.319443,0.0,0.0,0.0,0.0,8.431111,0.0,0.0,0.0,0.0,445.4702,0.0,0.0,19.0,0.0,239105.0,2.0911314,0.0,0.0,2.0911314,0.0,0.0,0.0,0.0,0.0,0.0,0.0,0.0,0.0,0.0,0.0,73.0,77.0,71.0,80.0,75.25,1.875,1.0,1875.0,19.0,35.625
4,Bavarian Palatinate,1880,136366.0,677281.0,20.13433,19,1,0.55,49.319443,8.431111,445.4702,1802,0,0,1802,0,0,1798,0,0,1804,0,0,1795,0,0,19,0.0,0.0,0.0,0.0,0.0,0.0,0.0,0.0,0.0,0.0,0.0,0.0,0.0,0.0,0.0,0.0,0.0,0.0,0.0,0.0,0.0,0.0,0.0,0.0,0.0,0.0,0.0,0.0,0.0,0.0,0.0,0.0,0.0,0.0,,,0.0,0.0,0.0,0.0,1.0,0.0,0.0,0.0,0.0,19.0,0.0,0.0,0.0,0.0,78.0,82.0,76.0,85.0,80.25,1.88,1.0,1880.0,19.0,35.72
4,Bavarian Palatinate,1885,160122.0,696375.0,22.993647,19,1,0.55,49.319443,8.431111,445.4702,1802,0,0,1802,0,0,1798,0,0,1804,0,0,1795,0,0,19,0.0,0.0,0.0,0.0,0.0,0.0,0.0,0.0,0.0,0.0,0.0,0.0,0.0,0.0,0.0,0.0,0.0,0.0,0.0,0.0,0.0,0.0,0.0,0.0,0.0,0.0,0.0,0.0,0.0,0.0,0.0,0.0,0.0,0.0,,,0.0,0.0,0.0,0.0,0.0,1.0,0.0,0.0,0.0,0.0,19.0,0.0,0.0,0.0,83.0,87.0,81.0,90.0,85.25,1.885,1.0,1885.0,19.0,35.815
4,Bavarian Palatinate,1895,230783.0,765991.0,30.128683,19,1,0.55,49.319443,8.431111,445.4702,1802,0,0,1802,0,0,1798,0,0,1804,0,0,1795,0,0,19,0.0,0.0,0.0,0.0,0.0,0.0,0.0,0.0,0.0,0.0,0.0,0.0,0.0,0.0,0.0,0.0,0.0,0.0,0.0,0.0,0.0,0.0,0.0,0.0,0.0,0.0,0.0,0.0,0.0,0.0,0.0,0.0,0.0,0.0,,,0.0,0.0,0.0,0.0,0.0,0.0,1.0,0.0,0.0,0.0,0.0,19.0,0.0,0.0,93.0,97.0,91.0,100.0,95.25,1.895,1.0,1895.0,19.0,36.005
4,Bavarian Palatinate,1900,275557.0,831678.0,33.132656,19,1,0.55,49.319443,8.431111,445.4702,1802,0,0,1802,0,0,1798,0,0,1804,0,0,1795,0,0,19,0.0,0.0,0.0,0.0,0.0,1.0,0.0,0.0,0.0,0.0,19.0,0.0,0.0,0.0,0.0,0.55,0.0,0.0,0.0,0.0,49.319443,0.0,0.0,0.0,0.0,8.431111,0.0,0.0,0.0,0.0,445.4702,0.0,0.0,19.0,239105.0,2.0911314,0.0,0.0,0.0,2.0911314,0.0,0.0,0.0,0.0,0.0,0.0,0.0,0.0,0.0,0.0,98.0,102.0,96.0,105.0,100.25,1.9,1.0,1900.0,19.0,36.1
4,Bavarian Palatinate,1905,308781.0,885823.0,34.858093,19,1,0.55,49.319443,8.431111,445.4702,1802,0,0,1802,0,0,1798,0,0,1804,0,0,1795,0,0,19,0.0,0.0,0.0,0.0,0.0,0.0,0.0,0.0,0.0,0.0,0.0,0.0,0.0,0.0,0.0,0.0,0.0,0.0,0.0,0.0,0.0,0.0,0.0,0.0,0.0,0.0,0.0,0.0,0.0,0.0,0.0,0.0,0.0,0.0,,,0.0,0.0,0.0,0.0,0.0,0.0,0.0,1.0,0.0,0.0,0.0,0.0,19.0,0.0,103.0,107.0,101.0,110.0,105.25,1.905,1.0,1905.0,19.0,36.195
4,Bavarian Palatinate,1910,346529.0,937085.0,36.97946,19,1,0.55,49.319443,8.431111,445.4702,1802,0,0,1802,0,0,1798,0,0,1804,0,0,1795,0,0,19,0.0,0.0,0.0,0.0,0.0,0.0,0.0,0.0,0.0,0.0,0.0,0.0,0.0,0.0,0.0,0.0,0.0,0.0,0.0,0.0,0.0,0.0,0.0,0.0,0.0,0.0,0.0,0.0,0.0,0.0,0.0,0.0,0.0,0.0,,,0.0,0.0,0.0,0.0,0.0,0.0,0.0,0.0,1.0,0.0,0.0,0.0,0.0,19.0,108.0,112.0,106.0,115.0,110.25,1.91,1.0,1910.0,19.0,36.29
5,Brunswick,1700,17000.0,,,6,1,0.95,52.266666,10.516666,689.61176,1808,1814,1900,1808,1814,1900,1808,1818,1834,1809,1818,1834,1808,1815,1864,3,1.0,0.0,0.0,0.0,0.0,0.0,0.0,0.0,0.0,0.0,0.0,0.0,0.0,0.0,0.0,0.0,0.0,0.0,0.0,0.0,0.0,0.0,0.0,0.0,0.0,0.0,0.0,0.0,0.0,0.0,0.0,0.0,0.0,0.0,154535.0,19.413078,0.0,0.0,0.0,0.0,0.0,0.0,0.0,0.0,0.0,0.0,0.0,0.0,0.0,0.0,0.0,0.0,0.0,0.0,0.0,1.7,0.0,0.0,0.0,0.0
5,Brunswick,1750,30000.0,154535.0,19.413078,6,1,0.95,52.266666,10.516666,689.61176,1808,1814,1900,1808,1814,1900,1808,1818,1834,1809,1818,1834,1808,1815,1864,3,0.0,1.0,0.0,0.0,0.0,0.0,6.0,0.0,0.0,0.0,0.0,0.95,0.0,0.0,0.0,0.0,52.266666,0.0,0.0,0.0,0.0,10.516666,0.0,0.0,0.0,0.0,689.61176,0.0,0.0,0.0,0.0,0.0,0.0,0.0,154535.0,19.413078,0.0,0.0,0.0,0.0,0.0,0.0,0.0,0.0,0.0,0.0,0.0,0.0,0.0,0.0,0.0,0.0,0.0,0.0,0.0,1.75,0.0,0.0,0.0,0.0
5,Brunswick,1800,36000.0,203385.0,17.70042,6,1,0.95,52.266666,10.516666,689.61176,1808,1814,1900,1808,1814,1900,1808,1818,1834,1809,1818,1834,1808,1815,1864,3,0.0,0.0,1.0,0.0,0.0,0.0,0.0,6.0,0.0,0.0,0.0,0.0,0.95,0.0,0.0,0.0,0.0,52.266666,0.0,0.0,0.0,0.0,10.516666,0.0,0.0,0.0,0.0,689.61176,0.0,0.0,0.0,0.0,0.0,0.0,154535.0,19.413078,19.413078,0.0,0.0,0.0,0.0,0.0,0.0,0.0,0.0,0.0,0.0,0.0,0.0,0.0,0.0,0.0,0.0,0.0,0.0,1.8,0.0,0.0,0.0,0.0
5,Brunswick,1850,61403.0,268900.0,22.834883,6,1,0.95,52.266666,10.516666,689.61176,1808,1814,1900,1808,1814,1900,1808,1818,1834,1809,1818,1834,1808,1815,1864,3,0.0,0.0,0.0,1.0,0.0,0.0,0.0,0.0,6.0,0.0,0.0,0.0,0.0,0.95,0.0,0.0,0.0,0.0,52.266666,0.0,0.0,0.0,0.0,10.516666,0.0,0.0,0.0,0.0,689.61176,0.0,0.0,3.0,0.0,0.0,154535.0,19.413078,0.0,19.413078,0.0,0.0,0.0,0.0,0.0,0.0,0.0,0.0,0.0,0.0,0.0,0.0,6.0,26.0,25.0,7.0,16.0,1.85,1.0,1850.0,6.0,11.1
5,Brunswick,1875,97829.0,327493.0,29.87209,6,1,0.95,52.266666,10.516666,689.61176,1808,1814,1900,1808,1814,1900,1808,1818,1834,1809,1818,1834,1808,1815,1864,3,0.0,0.0,0.0,0.0,1.0,0.0,0.0,0.0,0.0,6.0,0.0,0.0,0.0,0.0,0.95,0.0,0.0,0.0,0.0,52.266666,0.0,0.0,0.0,0.0,10.516666,0.0,0.0,0.0,0.0,689.61176,0.0,0.0,3.0,0.0,154535.0,19.413078,0.0,0.0,19.413078,0.0,0.0,0.0,0.0,0.0,0.0,0.0,0.0,0.0,0.0,0.0,6.0,51.0,50.0,18.0,31.25,1.875,1.0,1875.0,6.0,11.25
5,Brunswick,1880,115386.0,349367.0,33.02716,6,1,0.95,52.266666,10.516666,689.61176,1808,1814,1900,1808,1814,1900,1808,1818,1834,1809,1818,1834,1808,1815,1864,3,0.0,0.0,0.0,0.0,0.0,0.0,0.0,0.0,0.0,0.0,0.0,0.0,0.0,0.0,0.0,0.0,0.0,0.0,0.0,0.0,0.0,0.0,0.0,0.0,0.0,0.0,0.0,0.0,0.0,0.0,0.0,0.0,0.0,0.0,,,0.0,0.0,0.0,0.0,1.0,0.0,0.0,0.0,0.0,6.0,0.0,0.0,0.0,0.0,6.0,56.0,55.0,23.0,35.0,1.88,1.0,1880.0,6.0,11.28
5,Brunswick,1885,129396.0,372452.0,34.741657,6,1,0.95,52.266666,10.516666,689.61176,1808,1814,1900,1808,1814,1900,1808,1818,1834,1809,1818,1834,1808,1815,1864,3,0.0,0.0,0.0,0.0,0.0,0.0,0.0,0.0,0.0,0.0,0.0,0.0,0.0,0.0,0.0,0.0,0.0,0.0,0.0,0.0,0.0,0.0,0.0,0.0,0.0,0.0,0.0,0.0,0.0,0.0,0.0,0.0,0.0,0.0,,,0.0,0.0,0.0,0.0,0.0,1.0,0.0,0.0,0.0,0.0,6.0,0.0,0.0,0.0,6.0,61.0,60.0,28.0,38.75,1.885,1.0,1885.0,6.0,11.309999
5,Brunswick,1895,170009.0,434213.0,39.153366,6,1,0.95,52.266666,10.516666,689.61176,1808,1814,1900,1808,1814,1900,1808,1818,1834,1809,1818,1834,1808,1815,1864,3,0.0,0.0,0.0,0.0,0.0,0.0,0.0,0.0,0.0,0.0,0.0,0.0,0.0,0.0,0.0,0.0,0.0,0.0,0.0,0.0,0.0,0.0,0.0,0.0,0.0,0.0,0.0,0.0,0.0,0.0,0.0,0.0,0.0,0.0,,,0.0,0.0,0.0,0.0,0.0,0.0,1.0,0.0,0.0,0.0,0.0,6.0,0.0,0.0,6.0,71.0,70.0,38.0,46.25,1.895,1.0,1895.0,6.0,11.37
5,Brunswick,1900,188849.0,464300.0,40.673916,6,1,0.95,52.266666,10.516666,689.61176,1808,1814,1900,1808,1814,1900,1808,1818,1834,1809,1818,1834,1808,1815,1864,3,0.0,0.0,0.0,0.0,0.0,1.0,0.0,0.0,0.0,0.0,6.0,0.0,0.0,0.0,0.0,0.95,0.0,0.0,0.0,0.0,52.266666,0.0,0.0,0.0,0.0,10.516666,0.0,0.0,0.0,0.0,689.61176,0.0,0.0,3.0,154535.0,19.413078,0.0,0.0,0.0,19.413078,0.0,0.0,0.0,0.0,0.0,0.0,0.0,0.0,0.0,0.0,6.0,76.0,75.0,43.0,50.0,1.9,1.0,1900.0,6.0,11.4
5,Brunswick,1905,201478.0,486138.0,41.44461,6,1,0.95,52.266666,10.516666,689.61176,1808,1814,1900,1808,1814,1900,1808,1818,1834,1809,1818,1834,1808,1815,1864,3,0.0,0.0,0.0,0.0,0.0,0.0,0.0,0.0,0.0,0.0,0.0,0.0,0.0,0.0,0.0,0.0,0.0,0.0,0.0,0.0,0.0,0.0,0.0,0.0,0.0,0.0,0.0,0.0,0.0,0.0,0.0,0.0,0.0,0.0,,,0.0,0.0,0.0,0.0,0.0,0.0,0.0,1.0,0.0,0.0,0.0,0.0,6.0,0.0,11.0,81.0,80.0,48.0,55.0,1.905,1.0,1905.0,6.0,11.43
5,Brunswick,1910,215797.0,494339.0,43.65365,6,1,0.95,52.266666,10.516666,689.61176,1808,1814,1900,1808,1814,1900,1808,1818,1834,1809,1818,1834,1808,1815,1864,3,0.0,0.0,0.0,0.0,0.0,0.0,0.0,0.0,0.0,0.0,0.0,0.0,0.0,0.0,0.0,0.0,0.0,0.0,0.0,0.0,0.0,0.0,0.0,0.0,0.0,0.0,0.0,0.0,0.0,0.0,0.0,0.0,0.0,0.0,,,0.0,0.0,0.0,0.0,0.0,0.0,0.0,0.0,1.0,0.0,0.0,0.0,0.0,6.0,16.0,86.0,85.0,53.0,60.0,1.91,1.0,1910.0,6.0,11.46
6,Hanover,1700,26000.0,946396.0,2.7472632,3,1,0.9,52.366665,9.733334,650.4133,1808,1813,1900,1808,1813,1900,1808,1814,1833,1809,1814,1833,1808,1815,1869,8,1.0,0.0,0.0,0.0,0.0,0.0,0.0,0.0,0.0,0.0,0.0,0.0,0.0,0.0,0.0,0.0,0.0,0.0,0.0,0.0,0.0,0.0,0.0,0.0,0.0,0.0,0.0,0.0,0.0,0.0,0.0,0.0,0.0,0.0,1090146.0,5.687309,0.0,0.0,0.0,0.0,0.0,0.0,0.0,0.0,0.0,0.0,0.0,0.0,0.0,0.0,0.0,0.0,0.0,0.0,0.0,1.7,0.0,0.0,0.0,0.0
6,Hanover,1750,62000.0,1090146.0,5.687309,3,1,0.9,52.366665,9.733334,650.4133,1808,1813,1900,1808,1813,1900,1808,1814,1833,1809,1814,1833,1808,1815,1869,8,0.0,1.0,0.0,0.0,0.0,0.0,3.0,0.0,0.0,0.0,0.0,0.9,0.0,0.0,0.0,0.0,52.366665,0.0,0.0,0.0,0.0,9.733334,0.0,0.0,0.0,0.0,650.4133,0.0,0.0,0.0,0.0,0.0,0.0,0.0,1090146.0,5.687309,0.0,0.0,0.0,0.0,0.0,0.0,0.0,0.0,0.0,0.0,0.0,0.0,0.0,0.0,0.0,0.0,0.0,0.0,0.0,1.75,0.0,0.0,0.0,0.0
6,Hanover,1800,101000.0,1369521.0,7.37484,3,1,0.9,52.366665,9.733334,650.4133,1808,1813,1900,1808,1813,1900,1808,1814,1833,1809,1814,1833,1808,1815,1869,8,0.0,0.0,1.0,0.0,0.0,0.0,0.0,3.0,0.0,0.0,0.0,0.0,0.9,0.0,0.0,0.0,0.0,52.366665,0.0,0.0,0.0,0.0,9.733334,0.0,0.0,0.0,0.0,650.4133,0.0,0.0,0.0,0.0,0.0,0.0,1090146.0,5.687309,5.687309,0.0,0.0,0.0,0.0,0.0,0.0,0.0,0.0,0.0,0.0,0.0,0.0,0.0,0.0,0.0,0.0,0.0,0.0,1.8,0.0,0.0,0.0,0.0
6,Hanover,1850,157491.0,1775450.0,8.870482,3,1,0.9,52.366665,9.733334,650.4133,1808,1813,1900,1808,1813,1900,1808,1814,1833,1809,1814,1833,1808,1815,1869,8,0.0,0.0,0.0,1.0,0.0,0.0,0.0,0.0,3.0,0.0,0.0,0.0,0.0,0.9,0.0,0.0,0.0,0.0,52.366665,0.0,0.0,0.0,0.0,9.733334,0.0,0.0,0.0,0.0,650.4133,0.0,0.0,8.0,0.0,0.0,1090146.0,5.687309,0.0,5.687309,0.0,0.0,0.0,0.0,0.0,0.0,0.0,0.0,0.0,0.0,0.0,0.0,5.0,23.0,22.0,7.0,14.25,1.85,1.0,1850.0,3.0,5.55
6,Hanover,1875,395411.0,2017393.0,19.600098,3,1,0.9,52.366665,9.733334,650.4133,1808,1813,1900,1808,1813,1900,1808,1814,1833,1809,1814,1833,1808,1815,1869,8,0.0,0.0,0.0,0.0,1.0,0.0,0.0,0.0,0.0,3.0,0.0,0.0,0.0,0.0,0.9,0.0,0.0,0.0,0.0,52.366665,0.0,0.0,0.0,0.0,9.733334,0.0,0.0,0.0,0.0,650.4133,0.0,0.0,8.0,0.0,1090146.0,5.687309,0.0,0.0,5.687309,0.0,0.0,0.0,0.0,0.0,0.0,0.0,0.0,0.0,0.0,0.0,5.0,48.0,47.0,13.0,28.25,1.875,1.0,1875.0,3.0,5.625
6,Hanover,1880,452615.0,2120168.0,21.348072,3,1,0.9,52.366665,9.733334,650.4133,1808,1813,1900,1808,1813,1900,1808,1814,1833,1809,1814,1833,1808,1815,1869,8,0.0,0.0,0.0,0.0,0.0,0.0,0.0,0.0,0.0,0.0,0.0,0.0,0.0,0.0,0.0,0.0,0.0,0.0,0.0,0.0,0.0,0.0,0.0,0.0,0.0,0.0,0.0,0.0,0.0,0.0,0.0,0.0,0.0,0.0,,,0.0,0.0,0.0,0.0,1.0,0.0,0.0,0.0,0.0,3.0,0.0,0.0,0.0,0.0,5.0,53.0,52.0,18.0,32.0,1.88,1.0,1880.0,3.0,5.64
6,Hanover,1885,502556.0,2172702.0,23.13046,3,1,0.9,52.366665,9.733334,650.4133,1808,1813,1900,1808,1813,1900,1808,1814,1833,1809,1814,1833,1808,1815,1869,8,0.0,0.0,0.0,0.0,0.0,0.0,0.0,0.0,0.0,0.0,0.0,0.0,0.0,0.0,0.0,0.0,0.0,0.0,0.0,0.0,0.0,0.0,0.0,0.0,0.0,0.0,0.0,0.0,0.0,0.0,0.0,0.0,0.0,0.0,,,0.0,0.0,0.0,0.0,0.0,1.0,0.0,0.0,0.0,0.0,3.0,0.0,0.0,0.0,5.0,58.0,57.0,23.0,35.75,1.885,1.0,1885.0,3.0,5.6549997
6,Hanover,1895,690872.0,2422020.0,28.52462,3,1,0.9,52.366665,9.733334,650.4133,1808,1813,1900,1808,1813,1900,1808,1814,1833,1809,1814,1833,1808,1815,1869,8,0.0,0.0,0.0,0.0,0.0,0.0,0.0,0.0,0.0,0.0,0.0,0.0,0.0,0.0,0.0,0.0,0.0,0.0,0.0,0.0,0.0,0.0,0.0,0.0,0.0,0.0,0.0,0.0,0.0,0.0,0.0,0.0,0.0,0.0,,,0.0,0.0,0.0,0.0,0.0,0.0,1.0,0.0,0.0,0.0,0.0,3.0,0.0,0.0,5.0,68.0,67.0,33.0,43.25,1.895,1.0,1895.0,3.0,5.685
6,Hanover,1900,808923.0,2590939.0,31.22123,3,1,0.9,52.366665,9.733334,650.4133,1808,1813,1900,1808,1813,1900,1808,1814,1833,1809,1814,1833,1808,1815,1869,8,0.0,0.0,0.0,0.0,0.0,1.0,0.0,0.0,0.0,0.0,3.0,0.0,0.0,0.0,0.0,0.9,0.0,0.0,0.0,0.0,52.366665,0.0,0.0,0.0,0.0,9.733334,0.0,0.0,0.0,0.0,650.4133,0.0,0.0,8.0,1090146.0,5.687309,0.0,0.0,0.0,5.687309,0.0,0.0,0.0,0.0,0.0,0.0,0.0,0.0,0.0,0.0,5.0,73.0,72.0,38.0,47.0,1.9,1.0,1900.0,3.0,5.7
6,Hanover,1905,907291.0,2759544.0,32.878296,3,1,0.9,52.366665,9.733334,650.4133,1808,1813,1900,1808,1813,1900,1808,1814,1833,1809,1814,1833,1808,1815,1869,8,0.0,0.0,0.0,0.0,0.0,0.0,0.0,0.0,0.0,0.0,0.0,0.0,0.0,0.0,0.0,0.0,0.0,0.0,0.0,0.0,0.0,0.0,0.0,0.0,0.0,0.0,0.0,0.0,0.0,0.0,0.0,0.0,0.0,0.0,,,0.0,0.0,0.0,0.0,0.0,0.0,0.0,1.0,0.0,0.0,0.0,0.0,3.0,0.0,10.0,78.0,77.0,43.0,52.0,1.905,1.0,1905.0,3.0,5.715
6,Hanover,1910,1071805.0,2942436.0,36.42577,3,1,0.9,52.366665,9.733334,650.4133,1808,1813,1900,1808,1813,1900,1808,1814,1833,1809,1814,1833,1808,1815,1869,8,0.0,0.0,0.0,0.0,0.0,0.0,0.0,0.0,0.0,0.0,0.0,0.0,0.0,0.0,0.0,0.0,0.0,0.0,0.0,0.0,0.0,0.0,0.0,0.0,0.0,0.0,0.0,0.0,0.0,0.0,0.0,0.0,0.0,0.0,,,0.0,0.0,0.0,0.0,0.0,0.0,0.0,0.0,1.0,0.0,0.0,0.0,0.0,3.0,15.0,83.0,82.0,48.0,57.0,1.91,1.0,1910.0,3.0,5.73
7,Saxony Province,1700,54000.0,381039.0,14.171783,6,1,0.95,52.133335,11.616667,748.98303,1808,1815,1900,1794,0,0,1808,0,0,1809,0,0,1809,0,0,7,1.0,0.0,0.0,0.0,0.0,0.0,0.0,0.0,0.0,0.0,0.0,0.0,0.0,0.0,0.0,0.0,0.0,0.0,0.0,0.0,0.0,0.0,0.0,0.0,0.0,0.0,0.0,0.0,0.0,0.0,0.0,0.0,0.0,0.0,763424.0,13.622829,0.0,0.0,0.0,0.0,0.0,0.0,0.0,0.0,0.0,0.0,0.0,0.0,0.0,0.0,0.0,0.0,0.0,0.0,0.0,1.7,0.0,0.0,0.0,0.0
7,Saxony Province,1750,104000.0,763424.0,13.622829,6,1,0.95,52.133335,11.616667,748.98303,1808,1815,1900,1794,0,0,1808,0,0,1809,0,0,1809,0,0,7,0.0,1.0,0.0,0.0,0.0,0.0,6.0,0.0,0.0,0.0,0.0,0.95,0.0,0.0,0.0,0.0,52.133335,0.0,0.0,0.0,0.0,11.616667,0.0,0.0,0.0,0.0,748.98303,0.0,0.0,0.0,0.0,0.0,0.0,0.0,763424.0,13.622829,0.0,0.0,0.0,0.0,0.0,0.0,0.0,0.0,0.0,0.0,0.0,0.0,0.0,0.0,0.0,0.0,0.0,0.0,0.0,1.75,0.0,0.0,0.0,0.0
7,Saxony Province,1800,175000.0,1053706.0,16.608051,6,1,0.95,52.133335,11.616667,748.98303,1808,1815,1900,1794,0,0,1808,0,0,1809,0,0,1809,0,0,7,0.0,0.0,1.0,0.0,0.0,0.0,0.0,6.0,0.0,0.0,0.0,0.0,0.95,0.0,0.0,0.0,0.0,52.133335,0.0,0.0,0.0,0.0,11.616667,0.0,0.0,0.0,0.0,748.98303,0.0,0.0,0.0,0.0,0.0,0.0,763424.0,13.622829,13.622829,0.0,0.0,0.0,0.0,0.0,0.0,0.0,0.0,0.0,0.0,0.0,0.0,0.0,0.0,0.0,0.0,0.0,0.0,1.8,0.0,0.0,0.0,0.0
7,Saxony Province,1850,390137.0,1792033.0,21.770647,6,1,0.95,52.133335,11.616667,748.98303,1808,1815,1900,1794,0,0,1808,0,0,1809,0,0,1809,0,0,7,0.0,0.0,0.0,1.0,0.0,0.0,0.0,0.0,6.0,0.0,0.0,0.0,0.0,0.95,0.0,0.0,0.0,0.0,52.133335,0.0,0.0,0.0,0.0,11.616667,0.0,0.0,0.0,0.0,748.98303,0.0,0.0,7.0,0.0,0.0,763424.0,13.622829,0.0,13.622829,0.0,0.0,0.0,0.0,0.0,0.0,0.0,0.0,0.0,0.0,0.0,0.0,7.0,42.0,41.0,41.0,32.75,1.85,1.0,1850.0,6.0,11.1
7,Saxony Province,1875,619076.0,2169027.0,28.541645,6,1,0.95,52.133335,11.616667,748.98303,1808,1815,1900,1794,0,0,1808,0,0,1809,0,0,1809,0,0,7,0.0,0.0,0.0,0.0,1.0,0.0,0.0,0.0,0.0,6.0,0.0,0.0,0.0,0.0,0.95,0.0,0.0,0.0,0.0,52.133335,0.0,0.0,0.0,0.0,11.616667,0.0,0.0,0.0,0.0,748.98303,0.0,0.0,7.0,0.0,763424.0,13.622829,0.0,0.0,13.622829,0.0,0.0,0.0,0.0,0.0,0.0,0.0,0.0,0.0,0.0,0.0,7.0,67.0,66.0,66.0,51.5,1.875,1.0,1875.0,6.0,11.25
7,Saxony Province,1880,704454.0,2312007.0,30.469372,6,1,0.95,52.133335,11.616667,748.98303,1808,1815,1900,1794,0,0,1808,0,0,1809,0,0,1809,0,0,7,0.0,0.0,0.0,0.0,0.0,0.0,0.0,0.0,0.0,0.0,0.0,0.0,0.0,0.0,0.0,0.0,0.0,0.0,0.0,0.0,0.0,0.0,0.0,0.0,0.0,0.0,0.0,0.0,0.0,0.0,0.0,0.0,0.0,0.0,,,0.0,0.0,0.0,0.0,1.0,0.0,0.0,0.0,0.0,6.0,0.0,0.0,0.0,0.0,7.0,72.0,71.0,71.0,55.25,1.88,1.0,1880.0,6.0,11.28
7,Saxony Province,1885,788915.0,2428367.0,32.48747,6,1,0.95,52.133335,11.616667,748.98303,1808,1815,1900,1794,0,0,1808,0,0,1809,0,0,1809,0,0,7,0.0,0.0,0.0,0.0,0.0,0.0,0.0,0.0,0.0,0.0,0.0,0.0,0.0,0.0,0.0,0.0,0.0,0.0,0.0,0.0,0.0,0.0,0.0,0.0,0.0,0.0,0.0,0.0,0.0,0.0,0.0,0.0,0.0,0.0,,,0.0,0.0,0.0,0.0,0.0,1.0,0.0,0.0,0.0,0.0,6.0,0.0,0.0,0.0,7.0,77.0,76.0,76.0,59.0,1.885,1.0,1885.0,6.0,11.309999
7,Saxony Province,1895,1317863.0,2698549.0,48.835987,6,1,0.95,52.133335,11.616667,748.98303,1808,1815,1900,1794,0,0,1808,0,0,1809,0,0,1809,0,0,7,0.0,0.0,0.0,0.0,0.0,0.0,0.0,0.0,0.0,0.0,0.0,0.0,0.0,0.0,0.0,0.0,0.0,0.0,0.0,0.0,0.0,0.0,0.0,0.0,0.0,0.0,0.0,0.0,0.0,0.0,0.0,0.0,0.0,0.0,,,0.0,0.0,0.0,0.0,0.0,0.0,1.0,0.0,0.0,0.0,0.0,6.0,0.0,0.0,7.0,87.0,86.0,86.0,66.5,1.895,1.0,1895.0,6.0,11.37
7,Saxony Province,1900,1135416.0,2832616.0,40.083652,6,1,0.95,52.133335,11.616667,748.98303,1808,1815,1900,1794,0,0,1808,0,0,1809,0,0,1809,0,0,7,0.0,0.0,0.0,0.0,0.0,1.0,0.0,0.0,0.0,0.0,6.0,0.0,0.0,0.0,0.0,0.95,0.0,0.0,0.0,0.0,52.133335,0.0,0.0,0.0,0.0,11.616667,0.0,0.0,0.0,0.0,748.98303,0.0,0.0,7.0,763424.0,13.622829,0.0,0.0,0.0,13.622829,0.0,0.0,0.0,0.0,0.0,0.0,0.0,0.0,0.0,0.0,7.0,92.0,91.0,91.0,70.25,1.9,1.0,1900.0,6.0,11.4
7,Saxony Province,1905,1236840.0,2979221.0,41.51555,6,1,0.95,52.133335,11.616667,748.98303,1808,1815,1900,1794,0,0,1808,0,0,1809,0,0,1809,0,0,7,0.0,0.0,0.0,0.0,0.0,0.0,0.0,0.0,0.0,0.0,0.0,0.0,0.0,0.0,0.0,0.0,0.0,0.0,0.0,0.0,0.0,0.0,0.0,0.0,0.0,0.0,0.0,0.0,0.0,0.0,0.0,0.0,0.0,0.0,,,0.0,0.0,0.0,0.0,0.0,0.0,0.0,1.0,0.0,0.0,0.0,0.0,6.0,0.0,12.0,97.0,96.0,96.0,75.25,1.905,1.0,1905.0,6.0,11.43
7,Saxony Province,1910,1345762.0,3089275.0,43.56239,6,1,0.95,52.133335,11.616667,748.98303,1808,1815,1900,1794,0,0,1808,0,0,1809,0,0,1809,0,0,7,0.0,0.0,0.0,0.0,0.0,0.0,0.0,0.0,0.0,0.0,0.0,0.0,0.0,0.0,0.0,0.0,0.0,0.0,0.0,0.0,0.0,0.0,0.0,0.0,0.0,0.0,0.0,0.0,0.0,0.0,0.0,0.0,0.0,0.0,,,0.0,0.0,0.0,0.0,0.0,0.0,0.0,0.0,1.0,0.0,0.0,0.0,0.0,6.0,17.0,102.0,101.0,101.0,80.25,1.91,1.0,1910.0,6.0,11.46
8,Pomerania without Swedish Pomerania,1700,11000.0,151355.0,7.2676716,0,0,1.0,53.433334,14.533334,988.3629,1900,0,0,1794,0,0,1811,0,0,1821,0,0,1810,0,0,1,1.0,0.0,0.0,0.0,0.0,0.0,0.0,0.0,0.0,0.0,0.0,0.0,0.0,0.0,0.0,0.0,0.0,0.0,0.0,0.0,0.0,0.0,0.0,0.0,0.0,0.0,0.0,0.0,0.0,0.0,0.0,0.0,0.0,0.0,342365.0,5.5496364,0.0,0.0,0.0,0.0,0.0,0.0,0.0,0.0,0.0,0.0,0.0,0.0,0.0,0.0,0.0,0.0,0.0,0.0,0.0,1.7,0.0,0.0,0.0,0.0
8,Pomerania without Swedish Pomerania,1750,19000.0,342365.0,5.5496364,0,0,1.0,53.433334,14.533334,988.3629,1900,0,0,1794,0,0,1811,0,0,1821,0,0,1810,0,0,1,0.0,1.0,0.0,0.0,0.0,0.0,0.0,0.0,0.0,0.0,0.0,1.0,0.0,0.0,0.0,0.0,53.433334,0.0,0.0,0.0,0.0,14.533334,0.0,0.0,0.0,0.0,988.3629,0.0,0.0,0.0,0.0,0.0,0.0,0.0,342365.0,5.5496364,0.0,0.0,0.0,0.0,0.0,0.0,0.0,0.0,0.0,0.0,0.0,0.0,0.0,0.0,0.0,0.0,0.0,0.0,0.0,1.75,0.0,0.0,0.0,0.0
8,Pomerania without Swedish Pomerania,1800,49000.0,506465.0,9.674899,0,0,1.0,53.433334,14.533334,988.3629,1900,0,0,1794,0,0,1811,0,0,1821,0,0,1810,0,0,1,0.0,0.0,1.0,0.0,0.0,0.0,0.0,0.0,0.0,0.0,0.0,0.0,1.0,0.0,0.0,0.0,0.0,53.433334,0.0,0.0,0.0,0.0,14.533334,0.0,0.0,0.0,0.0,988.3629,0.0,0.0,0.0,0.0,0.0,0.0,342365.0,5.5496364,5.5496364,0.0,0.0,0.0,0.0,0.0,0.0,0.0,0.0,0.0,0.0,0.0,0.0,0.0,0.0,0.0,0.0,0.0,0.0,1.8,0.0,0.0,0.0,0.0
8,Pomerania without Swedish Pomerania,1850,143113.0,1026479.0,13.942126,0,0,1.0,53.433334,14.533334,988.3629,1900,0,0,1794,0,0,1811,0,0,1821,0,0,1810,0,0,1,0.0,0.0,0.0,1.0,0.0,0.0,0.0,0.0,0.0,0.0,0.0,0.0,0.0,1.0,0.0,0.0,0.0,0.0,53.433334,0.0,0.0,0.0,0.0,14.533334,0.0,0.0,0.0,0.0,988.3629,0.0,0.0,1.0,0.0,0.0,342365.0,5.5496364,0.0,5.5496364,0.0,0.0,0.0,0.0,0.0,0.0,0.0,0.0,0.0,0.0,0.0,0.0,0.0,39.0,29.0,40.0,27.0,1.85,1.0,1850.0,0.0,0.0
8,Pomerania without Swedish Pomerania,1875,299489.0,1253258.0,23.896835,0,0,1.0,53.433334,14.533334,988.3629,1900,0,0,1794,0,0,1811,0,0,1821,0,0,1810,0,0,1,0.0,0.0,0.0,0.0,1.0,0.0,0.0,0.0,0.0,0.0,0.0,0.0,0.0,0.0,1.0,0.0,0.0,0.0,0.0,53.433334,0.0,0.0,0.0,0.0,14.533334,0.0,0.0,0.0,0.0,988.3629,0.0,0.0,1.0,0.0,342365.0,5.5496364,0.0,0.0,5.5496364,0.0,0.0,0.0,0.0,0.0,0.0,0.0,0.0,0.0,0.0,0.0,0.0,64.0,54.0,65.0,45.75,1.875,1.0,1875.0,0.0,0.0
8,Pomerania without Swedish Pomerania,1880,,,,0,0,1.0,53.433334,14.533334,988.3629,1900,0,0,1794,0,0,1811,0,0,1821,0,0,1810,0,0,1,0.0,0.0,0.0,0.0,0.0,0.0,0.0,0.0,0.0,0.0,0.0,0.0,0.0,0.0,0.0,0.0,0.0,0.0,0.0,0.0,0.0,0.0,0.0,0.0,0.0,0.0,0.0,0.0,0.0,0.0,0.0,0.0,0.0,0.0,,,0.0,0.0,0.0,0.0,1.0,0.0,0.0,0.0,0.0,0.0,0.0,0.0,0.0,0.0,0.0,69.0,59.0,70.0,49.5,1.88,1.0,1880.0,0.0,0.0
8,Pomerania without Swedish Pomerania,1885,,,,0,0,1.0,53.433334,14.533334,988.3629,1900,0,0,1794,0,0,1811,0,0,1821,0,0,1810,0,0,1,0.0,0.0,0.0,0.0,0.0,0.0,0.0,0.0,0.0,0.0,0.0,0.0,0.0,0.0,0.0,0.0,0.0,0.0,0.0,0.0,0.0,0.0,0.0,0.0,0.0,0.0,0.0,0.0,0.0,0.0,0.0,0.0,0.0,0.0,,,0.0,0.0,0.0,0.0,0.0,1.0,0.0,0.0,0.0,0.0,0.0,0.0,0.0,0.0,0.0,74.0,64.0,75.0,53.25,1.885,1.0,1885.0,0.0,0.0
8,Pomerania without Swedish Pomerania,1895,,,,0,0,1.0,53.433334,14.533334,988.3629,1900,0,0,1794,0,0,1811,0,0,1821,0,0,1810,0,0,1,0.0,0.0,0.0,0.0,0.0,0.0,0.0,0.0,0.0,0.0,0.0,0.0,0.0,0.0,0.0,0.0,0.0,0.0,0.0,0.0,0.0,0.0,0.0,0.0,0.0,0.0,0.0,0.0,0.0,0.0,0.0,0.0,0.0,0.0,,,0.0,0.0,0.0,0.0,0.0,0.0,1.0,0.0,0.0,0.0,0.0,0.0,0.0,0.0,0.0,84.0,74.0,85.0,60.75,1.895,1.0,1895.0,0.0,0.0
8,Pomerania without Swedish Pomerania,1900,492285.0,1418492.0,34.704815,0,0,1.0,53.433334,14.533334,988.3629,1900,0,0,1794,0,0,1811,0,0,1821,0,0,1810,0,0,1,0.0,0.0,0.0,0.0,0.0,1.0,0.0,0.0,0.0,0.0,0.0,0.0,0.0,0.0,0.0,1.0,0.0,0.0,0.0,0.0,53.433334,0.0,0.0,0.0,0.0,14.533334,0.0,0.0,0.0,0.0,988.3629,0.0,0.0,1.0,342365.0,5.5496364,0.0,0.0,0.0,5.5496364,0.0,0.0,0.0,0.0,0.0,0.0,0.0,0.0,0.0,0.0,0.0,89.0,79.0,90.0,64.5,1.9,1.0,1900.0,0.0,0.0
8,Pomerania without Swedish Pomerania,1905,,,,0,0,1.0,53.433334,14.533334,988.3629,1900,0,0,1794,0,0,1811,0,0,1821,0,0,1810,0,0,1,0.0,0.0,0.0,0.0,0.0,0.0,0.0,0.0,0.0,0.0,0.0,0.0,0.0,0.0,0.0,0.0,0.0,0.0,0.0,0.0,0.0,0.0,0.0,0.0,0.0,0.0,0.0,0.0,0.0,0.0,0.0,0.0,0.0,0.0,,,0.0,0.0,0.0,0.0,0.0,0.0,0.0,1.0,0.0,0.0,0.0,0.0,0.0,0.0,5.0,94.0,84.0,95.0,69.5,1.905,1.0,1905.0,0.0,0.0
8,Pomerania without Swedish Pomerania,1910,,,,0,0,1.0,53.433334,14.533334,988.3629,1900,0,0,1794,0,0,1811,0,0,1821,0,0,1810,0,0,1,0.0,0.0,0.0,0.0,0.0,0.0,0.0,0.0,0.0,0.0,0.0,0.0,0.0,0.0,0.0,0.0,0.0,0.0,0.0,0.0,0.0,0.0,0.0,0.0,0.0,0.0,0.0,0.0,0.0,0.0,0.0,0.0,0.0,0.0,,,0.0,0.0,0.0,0.0,0.0,0.0,0.0,0.0,1.0,0.0,0.0,0.0,0.0,0.0,10.0,99.0,89.0,100.0,74.5,1.91,1.0,1910.0,0.0,0.0
9,Silesia,1700,47000.0,,,0,0,0.55,51.116665,17.033333,1076.8768,1900,0,0,1794,0,0,1811,0,0,1821,0,0,1810,0,0,2,1.0,0.0,0.0,0.0,0.0,0.0,0.0,0.0,0.0,0.0,0.0,0.0,0.0,0.0,0.0,0.0,0.0,0.0,0.0,0.0,0.0,0.0,0.0,0.0,0.0,0.0,0.0,0.0,0.0,0.0,0.0,0.0,0.0,0.0,1053454.0,8.068695,0.0,0.0,0.0,0.0,0.0,0.0,0.0,0.0,0.0,0.0,0.0,0.0,0.0,0.0,0.0,0.0,0.0,0.0,0.0,1.7,0.0,0.0,0.0,0.0
9,Silesia,1750,85000.0,1053454.0,8.068695,0,0,0.55,51.116665,17.033333,1076.8768,1900,0,0,1794,0,0,1811,0,0,1821,0,0,1810,0,0,2,0.0,1.0,0.0,0.0,0.0,0.0,0.0,0.0,0.0,0.0,0.0,0.55,0.0,0.0,0.0,0.0,51.116665,0.0,0.0,0.0,0.0,17.033333,0.0,0.0,0.0,0.0,1076.8768,0.0,0.0,0.0,0.0,0.0,0.0,0.0,1053454.0,8.068695,0.0,0.0,0.0,0.0,0.0,0.0,0.0,0.0,0.0,0.0,0.0,0.0,0.0,0.0,0.0,0.0,0.0,0.0,0.0,1.75,0.0,0.0,0.0,0.0
9,Silesia,1800,126000.0,1749130.0,7.20358,0,0,0.55,51.116665,17.033333,1076.8768,1900,0,0,1794,0,0,1811,0,0,1821,0,0,1810,0,0,2,0.0,0.0,1.0,0.0,0.0,0.0,0.0,0.0,0.0,0.0,0.0,0.0,0.55,0.0,0.0,0.0,0.0,51.116665,0.0,0.0,0.0,0.0,17.033333,0.0,0.0,0.0,0.0,1076.8768,0.0,0.0,0.0,0.0,0.0,0.0,1053454.0,8.068695,8.068695,0.0,0.0,0.0,0.0,0.0,0.0,0.0,0.0,0.0,0.0,0.0,0.0,0.0,0.0,0.0,0.0,0.0,0.0,1.8,0.0,0.0,0.0,0.0
9,Silesia,1850,355126.0,3101871.0,11.448768,0,0,0.55,51.116665,17.033333,1076.8768,1900,0,0,1794,0,0,1811,0,0,1821,0,0,1810,0,0,2,0.0,0.0,0.0,1.0,0.0,0.0,0.0,0.0,0.0,0.0,0.0,0.0,0.0,0.55,0.0,0.0,0.0,0.0,51.116665,0.0,0.0,0.0,0.0,17.033333,0.0,0.0,0.0,0.0,1076.8768,0.0,0.0,2.0,0.0,0.0,1053454.0,8.068695,0.0,8.068695,0.0,0.0,0.0,0.0,0.0,0.0,0.0,0.0,0.0,0.0,0.0,0.0,0.0,39.0,29.0,40.0,27.0,1.85,1.0,1850.0,0.0,0.0
9,Silesia,1875,844804.0,3843699.0,21.978931,0,0,0.55,51.116665,17.033333,1076.8768,1900,0,0,1794,0,0,1811,0,0,1821,0,0,1810,0,0,2,0.0,0.0,0.0,0.0,1.0,0.0,0.0,0.0,0.0,0.0,0.0,0.0,0.0,0.0,0.55,0.0,0.0,0.0,0.0,51.116665,0.0,0.0,0.0,0.0,17.033333,0.0,0.0,0.0,0.0,1076.8768,0.0,0.0,2.0,0.0,1053454.0,8.068695,0.0,0.0,8.068695,0.0,0.0,0.0,0.0,0.0,0.0,0.0,0.0,0.0,0.0,0.0,0.0,64.0,54.0,65.0,45.75,1.875,1.0,1875.0,0.0,0.0
9,Silesia,1880,966873.0,4007925.0,24.12403,0,0,0.55,51.116665,17.033333,1076.8768,1900,0,0,1794,0,0,1811,0,0,1821,0,0,1810,0,0,2,0.0,0.0,0.0,0.0,0.0,0.0,0.0,0.0,0.0,0.0,0.0,0.0,0.0,0.0,0.0,0.0,0.0,0.0,0.0,0.0,0.0,0.0,0.0,0.0,0.0,0.0,0.0,0.0,0.0,0.0,0.0,0.0,0.0,0.0,,,0.0,0.0,0.0,0.0,1.0,0.0,0.0,0.0,0.0,0.0,0.0,0.0,0.0,0.0,0.0,69.0,59.0,70.0,49.5,1.88,1.0,1880.0,0.0,0.0
9,Silesia,1885,1067926.0,4112219.0,25.96958,0,0,0.55,51.116665,17.033333,1076.8768,1900,0,0,1794,0,0,1811,0,0,1821,0,0,1810,0,0,2,0.0,0.0,0.0,0.0,0.0,0.0,0.0,0.0,0.0,0.0,0.0,0.0,0.0,0.0,0.0,0.0,0.0,0.0,0.0,0.0,0.0,0.0,0.0,0.0,0.0,0.0,0.0,0.0,0.0,0.0,0.0,0.0,0.0,0.0,,,0.0,0.0,0.0,0.0,0.0,1.0,0.0,0.0,0.0,0.0,0.0,0.0,0.0,0.0,0.0,74.0,64.0,75.0,53.25,1.885,1.0,1885.0,0.0,0.0
9,Silesia,1895,1441760.0,4415309.0,32.65366,0,0,0.55,51.116665,17.033333,1076.8768,1900,0,0,1794,0,0,1811,0,0,1821,0,0,1810,0,0,2,0.0,0.0,0.0,0.0,0.0,0.0,0.0,0.0,0.0,0.0,0.0,0.0,0.0,0.0,0.0,0.0,0.0,0.0,0.0,0.0,0.0,0.0,0.0,0.0,0.0,0.0,0.0,0.0,0.0,0.0,0.0,0.0,0.0,0.0,,,0.0,0.0,0.0,0.0,0.0,0.0,1.0,0.0,0.0,0.0,0.0,0.0,0.0,0.0,0.0,84.0,74.0,85.0,60.75,1.895,1.0,1895.0,0.0,0.0
9,Silesia,1900,1723128.0,4668857.0,36.90685,0,0,0.55,51.116665,17.033333,1076.8768,1900,0,0,1794,0,0,1811,0,0,1821,0,0,1810,0,0,2,0.0,0.0,0.0,0.0,0.0,1.0,0.0,0.0,0.0,0.0,0.0,0.0,0.0,0.0,0.0,0.55,0.0,0.0,0.0,0.0,51.116665,0.0,0.0,0.0,0.0,17.033333,0.0,0.0,0.0,0.0,1076.8768,0.0,0.0,2.0,1053454.0,8.068695,0.0,0.0,0.0,8.068695,0.0,0.0,0.0,0.0,0.0,0.0,0.0,0.0,0.0,0.0,0.0,89.0,79.0,90.0,64.5,1.9,1.0,1900.0,0.0,0.0
9,Silesia,1905,2004803.0,4942611.0,40.56162,0,0,0.55,51.116665,17.033333,1076.8768,1900,0,0,1794,0,0,1811,0,0,1821,0,0,1810,0,0,2,0.0,0.0,0.0,0.0,0.0,0.0,0.0,0.0,0.0,0.0,0.0,0.0,0.0,0.0,0.0,0.0,0.0,0.0,0.0,0.0,0.0,0.0,0.0,0.0,0.0,0.0,0.0,0.0,0.0,0.0,0.0,0.0,0.0,0.0,,,0.0,0.0,0.0,0.0,0.0,0.0,0.0,1.0,0.0,0.0,0.0,0.0,0.0,0.0,5.0,94.0,84.0,95.0,69.5,1.905,1.0,1905.0,0.0,0.0
9,Silesia,1910,2236194.0,5225962.0,42.790092,0,0,0.55,51.116665,17.033333,1076.8768,1900,0,0,1794,0,0,1811,0,0,1821,0,0,1810,0,0,2,0.0,0.0,0.0,0.0,0.0,0.0,0.0,0.0,0.0,0.0,0.0,0.0,0.0,0.0,0.0,0.0,0.0,0.0,0.0,0.0,0.0,0.0,0.0,0.0,0.0,0.0,0.0,0.0,0.0,0.0,0.0,0.0,0.0,0.0,,,0.0,0.0,0.0,0.0,0.0,0.0,0.0,0.0,1.0,0.0,0.0,0.0,0.0,0.0,10.0,99.0,89.0,100.0,74.5,1.91,1.0,1910.0,0.0,0.0
10,Wuerttemberg,1700,30000.0,694244.0,4.321249,0,1,0.7,48.783333,9.183333,499.83673,1900,0,0,1900,0,0,1817,0,0,1836,0,0,1862,0,0,48,1.0,0.0,0.0,0.0,0.0,0.0,0.0,0.0,0.0,0.0,0.0,0.0,0.0,0.0,0.0,0.0,0.0,0.0,0.0,0.0,0.0,0.0,0.0,0.0,0.0,0.0,0.0,0.0,0.0,0.0,0.0,0.0,0.0,0.0,924854.0,6.7037635,0.0,0.0,0.0,0.0,0.0,0.0,0.0,0.0,0.0,0.0,0.0,0.0,0.0,0.0,0.0,0.0,0.0,0.0,0.0,1.7,0.0,0.0,0.0,0.0
10,Wuerttemberg,1750,62000.0,924854.0,6.7037635,0,1,0.7,48.783333,9.183333,499.83673,1900,0,0,1900,0,0,1817,0,0,1836,0,0,1862,0,0,48,0.0,1.0,0.0,0.0,0.0,0.0,0.0,0.0,0.0,0.0,0.0,0.7,0.0,0.0,0.0,0.0,48.783333,0.0,0.0,0.0,0.0,9.183333,0.0,0.0,0.0,0.0,499.83673,0.0,0.0,0.0,0.0,0.0,0.0,0.0,924854.0,6.7037635,0.0,0.0,0.0,0.0,0.0,0.0,0.0,0.0,0.0,0.0,0.0,0.0,0.0,0.0,0.0,0.0,0.0,0.0,0.0,1.75,0.0,0.0,0.0,0.0
10,Wuerttemberg,1800,90000.0,1276066.0,7.0529284,0,1,0.7,48.783333,9.183333,499.83673,1900,0,0,1900,0,0,1817,0,0,1836,0,0,1862,0,0,48,0.0,0.0,1.0,0.0,0.0,0.0,0.0,0.0,0.0,0.0,0.0,0.0,0.7,0.0,0.0,0.0,0.0,48.783333,0.0,0.0,0.0,0.0,9.183333,0.0,0.0,0.0,0.0,499.83673,0.0,0.0,0.0,0.0,0.0,0.0,924854.0,6.7037635,6.7037635,0.0,0.0,0.0,0.0,0.0,0.0,0.0,0.0,0.0,0.0,0.0,0.0,0.0,0.0,0.0,0.0,0.0,0.0,1.8,0.0,0.0,0.0,0.0
10,Wuerttemberg,1850,144597.0,1745000.0,8.286361,0,1,0.7,48.783333,9.183333,499.83673,1900,0,0,1900,0,0,1817,0,0,1836,0,0,1862,0,0,48,0.0,0.0,0.0,1.0,0.0,0.0,0.0,0.0,0.0,0.0,0.0,0.0,0.0,0.7,0.0,0.0,0.0,0.0,48.783333,0.0,0.0,0.0,0.0,9.183333,0.0,0.0,0.0,0.0,499.83673,0.0,0.0,48.0,0.0,0.0,924854.0,6.7037635,0.0,6.7037635,0.0,0.0,0.0,0.0,0.0,0.0,0.0,0.0,0.0,0.0,0.0,0.0,0.0,33.0,14.0,0.0,11.75,1.85,1.0,1850.0,0.0,0.0
10,Wuerttemberg,1875,350377.0,1881505.0,18.622168,0,1,0.7,48.783333,9.183333,499.83673,1900,0,0,1900,0,0,1817,0,0,1836,0,0,1862,0,0,48,0.0,0.0,0.0,0.0,1.0,0.0,0.0,0.0,0.0,0.0,0.0,0.0,0.0,0.0,0.7,0.0,0.0,0.0,0.0,48.783333,0.0,0.0,0.0,0.0,9.183333,0.0,0.0,0.0,0.0,499.83673,0.0,0.0,48.0,0.0,924854.0,6.7037635,0.0,0.0,6.7037635,0.0,0.0,0.0,0.0,0.0,0.0,0.0,0.0,0.0,0.0,0.0,0.0,58.0,39.0,13.0,27.5,1.875,1.0,1875.0,0.0,0.0
10,Wuerttemberg,1880,381160.0,1971118.0,19.33725,0,1,0.7,48.783333,9.183333,499.83673,1900,0,0,1900,0,0,1817,0,0,1836,0,0,1862,0,0,48,0.0,0.0,0.0,0.0,0.0,0.0,0.0,0.0,0.0,0.0,0.0,0.0,0.0,0.0,0.0,0.0,0.0,0.0,0.0,0.0,0.0,0.0,0.0,0.0,0.0,0.0,0.0,0.0,0.0,0.0,0.0,0.0,0.0,0.0,,,0.0,0.0,0.0,0.0,1.0,0.0,0.0,0.0,0.0,0.0,0.0,0.0,0.0,0.0,0.0,63.0,44.0,18.0,31.25,1.88,1.0,1880.0,0.0,0.0
10,Wuerttemberg,1885,431584.0,1995185.0,21.631277,0,1,0.7,48.783333,9.183333,499.83673,1900,0,0,1900,0,0,1817,0,0,1836,0,0,1862,0,0,48,0.0,0.0,0.0,0.0,0.0,0.0,0.0,0.0,0.0,0.0,0.0,0.0,0.0,0.0,0.0,0.0,0.0,0.0,0.0,0.0,0.0,0.0,0.0,0.0,0.0,0.0,0.0,0.0,0.0,0.0,0.0,0.0,0.0,0.0,,,0.0,0.0,0.0,0.0,0.0,1.0,0.0,0.0,0.0,0.0,0.0,0.0,0.0,0.0,0.0,68.0,49.0,23.0,35.0,1.885,1.0,1885.0,0.0,0.0
10,Wuerttemberg,1895,544111.0,2081151.0,26.144714,0,1,0.7,48.783333,9.183333,499.83673,1900,0,0,1900,0,0,1817,0,0,1836,0,0,1862,0,0,48,0.0,0.0,0.0,0.0,0.0,0.0,0.0,0.0,0.0,0.0,0.0,0.0,0.0,0.0,0.0,0.0,0.0,0.0,0.0,0.0,0.0,0.0,0.0,0.0,0.0,0.0,0.0,0.0,0.0,0.0,0.0,0.0,0.0,0.0,,,0.0,0.0,0.0,0.0,0.0,0.0,1.0,0.0,0.0,0.0,0.0,0.0,0.0,0.0,0.0,78.0,59.0,33.0,42.5,1.895,1.0,1895.0,0.0,0.0
10,Wuerttemberg,1900,618983.0,2169480.0,28.531399,0,1,0.7,48.783333,9.183333,499.83673,1900,0,0,1900,0,0,1817,0,0,1836,0,0,1862,0,0,48,0.0,0.0,0.0,0.0,0.0,1.0,0.0,0.0,0.0,0.0,0.0,0.0,0.0,0.0,0.0,0.7,0.0,0.0,0.0,0.0,48.783333,0.0,0.0,0.0,0.0,9.183333,0.0,0.0,0.0,0.0,499.83673,0.0,0.0,48.0,924854.0,6.7037635,0.0,0.0,0.0,6.7037635,0.0,0.0,0.0,0.0,0.0,0.0,0.0,0.0,0.0,0.0,0.0,83.0,64.0,38.0,46.25,1.9,1.0,1900.0,0.0,0.0
10,Wuerttemberg,1905,741527.0,2302179.0,32.20979,0,1,0.7,48.783333,9.183333,499.83673,1900,0,0,1900,0,0,1817,0,0,1836,0,0,1862,0,0,48,0.0,0.0,0.0,0.0,0.0,0.0,0.0,0.0,0.0,0.0,0.0,0.0,0.0,0.0,0.0,0.0,0.0,0.0,0.0,0.0,0.0,0.0,0.0,0.0,0.0,0.0,0.0,0.0,0.0,0.0,0.0,0.0,0.0,0.0,,,0.0,0.0,0.0,0.0,0.0,0.0,0.0,1.0,0.0,0.0,0.0,0.0,0.0,0.0,5.0,88.0,69.0,43.0,51.25,1.905,1.0,1905.0,0.0,0.0
10,Wuerttemberg,1910,872192.0,2437574.0,35.78115,0,1,0.7,48.783333,9.183333,499.83673,1900,0,0,1900,0,0,1817,0,0,1836,0,0,1862,0,0,48,0.0,0.0,0.0,0.0,0.0,0.0,0.0,0.0,0.0,0.0,0.0,0.0,0.0,0.0,0.0,0.0,0.0,0.0,0.0,0.0,0.0,0.0,0.0,0.0,0.0,0.0,0.0,0.0,0.0,0.0,0.0,0.0,0.0,0.0,,,0.0,0.0,0.0,0.0,0.0,0.0,0.0,0.0,1.0,0.0,0.0,0.0,0.0,0.0,10.0,93.0,74.0,48.0,56.25,1.91,1.0,1910.0,0.0,0.0
11,Baden,1700,23000.0,,,0,1,0.3,49.016666,8.4,441.8782,1810,0,0,1810,0,0,1783,0,0,1820,0,0,1862,0,0,30,1.0,0.0,0.0,0.0,0.0,0.0,0.0,0.0,0.0,0.0,0.0,0.0,0.0,0.0,0.0,0.0,0.0,0.0,0.0,0.0,0.0,0.0,0.0,0.0,0.0,0.0,0.0,0.0,0.0,0.0,0.0,0.0,0.0,0.0,609218.0,4.9243445,0.0,0.0,0.0,0.0,0.0,0.0,0.0,0.0,0.0,0.0,0.0,0.0,0.0,0.0,0.0,0.0,0.0,0.0,0.0,1.7,0.0,0.0,0.0,0.0
11,Baden,1750,30000.0,609218.0,4.9243445,0,1,0.3,49.016666,8.4,441.8782,1810,0,0,1810,0,0,1783,0,0,1820,0,0,1862,0,0,30,0.0,1.0,0.0,0.0,0.0,0.0,0.0,0.0,0.0,0.0,0.0,0.3,0.0,0.0,0.0,0.0,49.016666,0.0,0.0,0.0,0.0,8.4,0.0,0.0,0.0,0.0,441.8782,0.0,0.0,0.0,0.0,0.0,0.0,0.0,609218.0,4.9243445,0.0,0.0,0.0,0.0,0.0,0.0,0.0,0.0,0.0,0.0,0.0,0.0,0.0,0.0,0.0,0.0,0.0,0.0,0.0,1.75,0.0,0.0,0.0,0.0
11,Baden,1800,65000.0,935593.0,6.9474626,0,1,0.3,49.016666,8.4,441.8782,1810,0,0,1810,0,0,1783,0,0,1820,0,0,1862,0,0,30,0.0,0.0,1.0,0.0,0.0,0.0,0.0,0.0,0.0,0.0,0.0,0.0,0.3,0.0,0.0,0.0,0.0,49.016666,0.0,0.0,0.0,0.0,8.4,0.0,0.0,0.0,0.0,441.8782,0.0,0.0,0.0,0.0,0.0,0.0,609218.0,4.9243445,4.9243445,0.0,0.0,0.0,0.0,0.0,0.0,0.0,0.0,0.0,0.0,0.0,0.0,0.0,0.0,17.0,0.0,0.0,4.25,1.8,0.0,0.0,0.0,0.0
11,Baden,1850,132235.0,1361800.0,9.71031,0,1,0.3,49.016666,8.4,441.8782,1810,0,0,1810,0,0,1783,0,0,1820,0,0,1862,0,0,30,0.0,0.0,0.0,1.0,0.0,0.0,0.0,0.0,0.0,0.0,0.0,0.0,0.0,0.3,0.0,0.0,0.0,0.0,49.016666,0.0,0.0,0.0,0.0,8.4,0.0,0.0,0.0,0.0,441.8782,0.0,0.0,30.0,0.0,0.0,609218.0,4.9243445,0.0,4.9243445,0.0,0.0,0.0,0.0,0.0,0.0,0.0,0.0,0.0,0.0,0.0,0.0,40.0,67.0,30.0,0.0,34.25,1.85,1.0,1850.0,0.0,0.0
11,Baden,1875,265009.0,1507156.0,17.583382,0,1,0.3,49.016666,8.4,441.8782,1810,0,0,1810,0,0,1783,0,0,1820,0,0,1862,0,0,30,0.0,0.0,0.0,0.0,1.0,0.0,0.0,0.0,0.0,0.0,0.0,0.0,0.0,0.0,0.3,0.0,0.0,0.0,0.0,49.016666,0.0,0.0,0.0,0.0,8.4,0.0,0.0,0.0,0.0,441.8782,0.0,0.0,30.0,0.0,609218.0,4.9243445,0.0,0.0,4.9243445,0.0,0.0,0.0,0.0,0.0,0.0,0.0,0.0,0.0,0.0,0.0,65.0,92.0,55.0,13.0,56.25,1.875,1.0,1875.0,0.0,0.0
11,Baden,1880,286232.0,1570254.0,18.228388,0,1,0.3,49.016666,8.4,441.8782,1810,0,0,1810,0,0,1783,0,0,1820,0,0,1862,0,0,30,0.0,0.0,0.0,0.0,0.0,0.0,0.0,0.0,0.0,0.0,0.0,0.0,0.0,0.0,0.0,0.0,0.0,0.0,0.0,0.0,0.0,0.0,0.0,0.0,0.0,0.0,0.0,0.0,0.0,0.0,0.0,0.0,0.0,0.0,,,0.0,0.0,0.0,0.0,1.0,0.0,0.0,0.0,0.0,0.0,0.0,0.0,0.0,0.0,70.0,97.0,60.0,18.0,61.25,1.88,1.0,1880.0,0.0,0.0
11,Baden,1885,325953.0,1601255.0,20.356096,0,1,0.3,49.016666,8.4,441.8782,1810,0,0,1810,0,0,1783,0,0,1820,0,0,1862,0,0,30,0.0,0.0,0.0,0.0,0.0,0.0,0.0,0.0,0.0,0.0,0.0,0.0,0.0,0.0,0.0,0.0,0.0,0.0,0.0,0.0,0.0,0.0,0.0,0.0,0.0,0.0,0.0,0.0,0.0,0.0,0.0,0.0,0.0,0.0,,,0.0,0.0,0.0,0.0,0.0,1.0,0.0,0.0,0.0,0.0,0.0,0.0,0.0,0.0,75.0,102.0,65.0,23.0,66.25,1.885,1.0,1885.0,0.0,0.0
11,Baden,1895,459415.0,1725464.0,26.625591,0,1,0.3,49.016666,8.4,441.8782,1810,0,0,1810,0,0,1783,0,0,1820,0,0,1862,0,0,30,0.0,0.0,0.0,0.0,0.0,0.0,0.0,0.0,0.0,0.0,0.0,0.0,0.0,0.0,0.0,0.0,0.0,0.0,0.0,0.0,0.0,0.0,0.0,0.0,0.0,0.0,0.0,0.0,0.0,0.0,0.0,0.0,0.0,0.0,,,0.0,0.0,0.0,0.0,0.0,0.0,1.0,0.0,0.0,0.0,0.0,0.0,0.0,0.0,85.0,112.0,75.0,33.0,76.25,1.895,1.0,1895.0,0.0,0.0
11,Baden,1900,576203.0,1867944.0,30.84691,0,1,0.3,49.016666,8.4,441.8782,1810,0,0,1810,0,0,1783,0,0,1820,0,0,1862,0,0,30,0.0,0.0,0.0,0.0,0.0,1.0,0.0,0.0,0.0,0.0,0.0,0.0,0.0,0.0,0.0,0.3,0.0,0.0,0.0,0.0,49.016666,0.0,0.0,0.0,0.0,8.4,0.0,0.0,0.0,0.0,441.8782,0.0,0.0,30.0,609218.0,4.9243445,0.0,0.0,0.0,4.9243445,0.0,0.0,0.0,0.0,0.0,0.0,0.0,0.0,0.0,0.0,90.0,117.0,80.0,38.0,81.25,1.9,1.0,1900.0,0.0,0.0
11,Baden,1905,685687.0,2010728.0,34.10143,0,1,0.3,49.016666,8.4,441.8782,1810,0,0,1810,0,0,1783,0,0,1820,0,0,1862,0,0,30,0.0,0.0,0.0,0.0,0.0,0.0,0.0,0.0,0.0,0.0,0.0,0.0,0.0,0.0,0.0,0.0,0.0,0.0,0.0,0.0,0.0,0.0,0.0,0.0,0.0,0.0,0.0,0.0,0.0,0.0,0.0,0.0,0.0,0.0,,,0.0,0.0,0.0,0.0,0.0,0.0,0.0,1.0,0.0,0.0,0.0,0.0,0.0,0.0,95.0,122.0,85.0,43.0,86.25,1.905,1.0,1905.0,0.0,0.0
11,Baden,1910,811254.0,2142833.0,37.858948,0,1,0.3,49.016666,8.4,441.8782,1810,0,0,1810,0,0,1783,0,0,1820,0,0,1862,0,0,30,0.0,0.0,0.0,0.0,0.0,0.0,0.0,0.0,0.0,0.0,0.0,0.0,0.0,0.0,0.0,0.0,0.0,0.0,0.0,0.0,0.0,0.0,0.0,0.0,0.0,0.0,0.0,0.0,0.0,0.0,0.0,0.0,0.0,0.0,,,0.0,0.0,0.0,0.0,0.0,0.0,0.0,0.0,1.0,0.0,0.0,0.0,0.0,0.0,100.0,127.0,90.0,48.0,91.25,1.91,1.0,1910.0,0.0,0.0
12,Bavaria Old,1700,47000.0,988597.0,4.7542133,0,1,0.05,48.133335,11.566667,682.90985,1900,0,0,1756,0,0,1808,0,0,1826,0,0,1868,0,0,4,1.0,0.0,0.0,0.0,0.0,0.0,0.0,0.0,0.0,0.0,0.0,0.0,0.0,0.0,0.0,0.0,0.0,0.0,0.0,0.0,0.0,0.0,0.0,0.0,0.0,0.0,0.0,0.0,0.0,0.0,0.0,0.0,0.0,0.0,1163249.0,5.1579676,0.0,0.0,0.0,0.0,0.0,0.0,0.0,0.0,0.0,0.0,0.0,0.0,0.0,0.0,0.0,0.0,0.0,0.0,0.0,1.7,0.0,0.0,0.0,0.0
12,Bavaria Old,1750,60000.0,1163249.0,5.1579676,0,1,0.05,48.133335,11.566667,682.90985,1900,0,0,1756,0,0,1808,0,0,1826,0,0,1868,0,0,4,0.0,1.0,0.0,0.0,0.0,0.0,0.0,0.0,0.0,0.0,0.0,0.05,0.0,0.0,0.0,0.0,48.133335,0.0,0.0,0.0,0.0,11.566667,0.0,0.0,0.0,0.0,682.90985,0.0,0.0,0.0,0.0,0.0,0.0,0.0,1163249.0,5.1579676,0.0,0.0,0.0,0.0,0.0,0.0,0.0,0.0,0.0,0.0,0.0,0.0,0.0,0.0,0.0,0.0,0.0,0.0,0.0,1.75,0.0,0.0,0.0,0.0
12,Bavaria Old,1800,96000.0,1361398.0,7.0515738,0,1,0.05,48.133335,11.566667,682.90985,1900,0,0,1756,0,0,1808,0,0,1826,0,0,1868,0,0,4,0.0,0.0,1.0,0.0,0.0,0.0,0.0,0.0,0.0,0.0,0.0,0.0,0.05,0.0,0.0,0.0,0.0,48.133335,0.0,0.0,0.0,0.0,11.566667,0.0,0.0,0.0,0.0,682.90985,0.0,0.0,0.0,0.0,0.0,0.0,1163249.0,5.1579676,5.1579676,0.0,0.0,0.0,0.0,0.0,0.0,0.0,0.0,0.0,0.0,0.0,0.0,0.0,0.0,0.0,0.0,0.0,0.0,1.8,0.0,0.0,0.0,0.0
12,Bavaria Old,1850,187506.0,1737187.0,10.79368,0,1,0.05,48.133335,11.566667,682.90985,1900,0,0,1756,0,0,1808,0,0,1826,0,0,1868,0,0,4,0.0,0.0,0.0,1.0,0.0,0.0,0.0,0.0,0.0,0.0,0.0,0.0,0.0,0.05,0.0,0.0,0.0,0.0,48.133335,0.0,0.0,0.0,0.0,11.566667,0.0,0.0,0.0,0.0,682.90985,0.0,0.0,4.0,0.0,0.0,1163249.0,5.1579676,0.0,5.1579676,0.0,0.0,0.0,0.0,0.0,0.0,0.0,0.0,0.0,0.0,0.0,0.0,0.0,42.0,24.0,0.0,16.5,1.85,1.0,1850.0,0.0,0.0
12,Bavaria Old,1875,341525.0,2011354.0,16.979855,0,1,0.05,48.133335,11.566667,682.90985,1900,0,0,1756,0,0,1808,0,0,1826,0,0,1868,0,0,4,0.0,0.0,0.0,0.0,1.0,0.0,0.0,0.0,0.0,0.0,0.0,0.0,0.0,0.0,0.05,0.0,0.0,0.0,0.0,48.133335,0.0,0.0,0.0,0.0,11.566667,0.0,0.0,0.0,0.0,682.90985,0.0,0.0,4.0,0.0,1163249.0,5.1579676,0.0,0.0,5.1579676,0.0,0.0,0.0,0.0,0.0,0.0,0.0,0.0,0.0,0.0,0.0,0.0,67.0,49.0,7.0,30.75,1.875,1.0,1875.0,0.0,0.0
12,Bavaria Old,1880,,,,0,1,0.05,48.133335,11.566667,682.90985,1900,0,0,1756,0,0,1808,0,0,1826,0,0,1868,0,0,4,0.0,0.0,0.0,0.0,0.0,0.0,0.0,0.0,0.0,0.0,0.0,0.0,0.0,0.0,0.0,0.0,0.0,0.0,0.0,0.0,0.0,0.0,0.0,0.0,0.0,0.0,0.0,0.0,0.0,0.0,0.0,0.0,0.0,0.0,,,0.0,0.0,0.0,0.0,1.0,0.0,0.0,0.0,0.0,0.0,0.0,0.0,0.0,0.0,0.0,72.0,54.0,12.0,34.5,1.88,1.0,1880.0,0.0,0.0
12,Bavaria Old,1885,,,,0,1,0.05,48.133335,11.566667,682.90985,1900,0,0,1756,0,0,1808,0,0,1826,0,0,1868,0,0,4,0.0,0.0,0.0,0.0,0.0,0.0,0.0,0.0,0.0,0.0,0.0,0.0,0.0,0.0,0.0,0.0,0.0,0.0,0.0,0.0,0.0,0.0,0.0,0.0,0.0,0.0,0.0,0.0,0.0,0.0,0.0,0.0,0.0,0.0,,,0.0,0.0,0.0,0.0,0.0,1.0,0.0,0.0,0.0,0.0,0.0,0.0,0.0,0.0,0.0,77.0,59.0,17.0,38.25,1.885,1.0,1885.0,0.0,0.0
12,Bavaria Old,1895,,,,0,1,0.05,48.133335,11.566667,682.90985,1900,0,0,1756,0,0,1808,0,0,1826,0,0,1868,0,0,4,0.0,0.0,0.0,0.0,0.0,0.0,0.0,0.0,0.0,0.0,0.0,0.0,0.0,0.0,0.0,0.0,0.0,0.0,0.0,0.0,0.0,0.0,0.0,0.0,0.0,0.0,0.0,0.0,0.0,0.0,0.0,0.0,0.0,0.0,,,0.0,0.0,0.0,0.0,0.0,0.0,1.0,0.0,0.0,0.0,0.0,0.0,0.0,0.0,0.0,87.0,69.0,27.0,45.75,1.895,1.0,1895.0,0.0,0.0
12,Bavaria Old,1900,750246.0,2555921.0,29.353254,0,1,0.05,48.133335,11.566667,682.90985,1900,0,0,1756,0,0,1808,0,0,1826,0,0,1868,0,0,4,0.0,0.0,0.0,0.0,0.0,1.0,0.0,0.0,0.0,0.0,0.0,0.0,0.0,0.0,0.0,0.05,0.0,0.0,0.0,0.0,48.133335,0.0,0.0,0.0,0.0,11.566667,0.0,0.0,0.0,0.0,682.90985,0.0,0.0,4.0,1163249.0,5.1579676,0.0,0.0,0.0,5.1579676,0.0,0.0,0.0,0.0,0.0,0.0,0.0,0.0,0.0,0.0,0.0,92.0,74.0,32.0,49.5,1.9,1.0,1900.0,0.0,0.0
12,Bavaria Old,1905,,,,0,1,0.05,48.133335,11.566667,682.90985,1900,0,0,1756,0,0,1808,0,0,1826,0,0,1868,0,0,4,0.0,0.0,0.0,0.0,0.0,0.0,0.0,0.0,0.0,0.0,0.0,0.0,0.0,0.0,0.0,0.0,0.0,0.0,0.0,0.0,0.0,0.0,0.0,0.0,0.0,0.0,0.0,0.0,0.0,0.0,0.0,0.0,0.0,0.0,,,0.0,0.0,0.0,0.0,0.0,0.0,0.0,1.0,0.0,0.0,0.0,0.0,0.0,0.0,5.0,97.0,79.0,37.0,54.5,1.905,1.0,1905.0,0.0,0.0
12,Bavaria Old,1910,,,,0,1,0.05,48.133335,11.566667,682.90985,1900,0,0,1756,0,0,1808,0,0,1826,0,0,1868,0,0,4,0.0,0.0,0.0,0.0,0.0,0.0,0.0,0.0,0.0,0.0,0.0,0.0,0.0,0.0,0.0,0.0,0.0,0.0,0.0,0.0,0.0,0.0,0.0,0.0,0.0,0.0,0.0,0.0,0.0,0.0,0.0,0.0,0.0,0.0,,,0.0,0.0,0.0,0.0,0.0,0.0,0.0,0.0,1.0,0.0,0.0,0.0,0.0,0.0,10.0,102.0,84.0,42.0,59.5,1.91,1.0,1910.0,0.0,0.0
13,Saxony,1700,77000.0,873257.0,8.817565,0,1,1.0,51.05,13.733334,848.7664,1865,0,0,1865,0,0,1832,0,0,1832,0,0,1862,0,0,1,1.0,0.0,0.0,0.0,0.0,0.0,0.0,0.0,0.0,0.0,0.0,0.0,0.0,0.0,0.0,0.0,0.0,0.0,0.0,0.0,0.0,0.0,0.0,0.0,0.0,0.0,0.0,0.0,0.0,0.0,0.0,0.0,0.0,0.0,1019997.0,13.92161,0.0,0.0,0.0,0.0,0.0,0.0,0.0,0.0,0.0,0.0,0.0,0.0,0.0,0.0,0.0,0.0,0.0,0.0,0.0,1.7,0.0,0.0,0.0,0.0
13,Saxony,1750,142000.0,1019997.0,13.92161,0,1,1.0,51.05,13.733334,848.7664,1865,0,0,1865,0,0,1832,0,0,1832,0,0,1862,0,0,1,0.0,1.0,0.0,0.0,0.0,0.0,0.0,0.0,0.0,0.0,0.0,1.0,0.0,0.0,0.0,0.0,51.05,0.0,0.0,0.0,0.0,13.733334,0.0,0.0,0.0,0.0,848.7664,0.0,0.0,0.0,0.0,0.0,0.0,0.0,1019997.0,13.92161,0.0,0.0,0.0,0.0,0.0,0.0,0.0,0.0,0.0,0.0,0.0,0.0,0.0,0.0,0.0,0.0,0.0,0.0,0.0,1.75,0.0,0.0,0.0,0.0
13,Saxony,1800,154000.0,1140089.0,13.507717,0,1,1.0,51.05,13.733334,848.7664,1865,0,0,1865,0,0,1832,0,0,1832,0,0,1862,0,0,1,0.0,0.0,1.0,0.0,0.0,0.0,0.0,0.0,0.0,0.0,0.0,0.0,1.0,0.0,0.0,0.0,0.0,51.05,0.0,0.0,0.0,0.0,13.733334,0.0,0.0,0.0,0.0,848.7664,0.0,0.0,0.0,0.0,0.0,0.0,1019997.0,13.92161,13.92161,0.0,0.0,0.0,0.0,0.0,0.0,0.0,0.0,0.0,0.0,0.0,0.0,0.0,0.0,0.0,0.0,0.0,0.0,1.8,0.0,0.0,0.0,0.0
13,Saxony,1850,391866.0,1912600.0,20.488655,0,1,1.0,51.05,13.733334,848.7664,1865,0,0,1865,0,0,1832,0,0,1832,0,0,1862,0,0,1,0.0,0.0,0.0,1.0,0.0,0.0,0.0,0.0,0.0,0.0,0.0,0.0,0.0,1.0,0.0,0.0,0.0,0.0,51.05,0.0,0.0,0.0,0.0,13.733334,0.0,0.0,0.0,0.0,848.7664,0.0,0.0,1.0,0.0,0.0,1019997.0,13.92161,0.0,13.92161,0.0,0.0,0.0,0.0,0.0,0.0,0.0,0.0,0.0,0.0,0.0,0.0,0.0,18.0,18.0,0.0,9.0,1.85,1.0,1850.0,0.0,0.0
13,Saxony,1875,996387.0,2760586.0,36.093315,0,1,1.0,51.05,13.733334,848.7664,1865,0,0,1865,0,0,1832,0,0,1832,0,0,1862,0,0,1,0.0,0.0,0.0,0.0,1.0,0.0,0.0,0.0,0.0,0.0,0.0,0.0,0.0,0.0,1.0,0.0,0.0,0.0,0.0,51.05,0.0,0.0,0.0,0.0,13.733334,0.0,0.0,0.0,0.0,848.7664,0.0,0.0,1.0,0.0,1019997.0,13.92161,0.0,0.0,13.92161,0.0,0.0,0.0,0.0,0.0,0.0,0.0,0.0,0.0,0.0,0.0,10.0,43.0,43.0,13.0,27.25,1.875,1.0,1875.0,0.0,0.0
13,Saxony,1880,1180866.0,2972805.0,39.722282,0,1,1.0,51.05,13.733334,848.7664,1865,0,0,1865,0,0,1832,0,0,1832,0,0,1862,0,0,1,0.0,0.0,0.0,0.0,0.0,0.0,0.0,0.0,0.0,0.0,0.0,0.0,0.0,0.0,0.0,0.0,0.0,0.0,0.0,0.0,0.0,0.0,0.0,0.0,0.0,0.0,0.0,0.0,0.0,0.0,0.0,0.0,0.0,0.0,,,0.0,0.0,0.0,0.0,1.0,0.0,0.0,0.0,0.0,0.0,0.0,0.0,0.0,0.0,15.0,48.0,48.0,18.0,32.25,1.88,1.0,1880.0,0.0,0.0
13,Saxony,1885,1358212.0,3182003.0,42.684185,0,1,1.0,51.05,13.733334,848.7664,1865,0,0,1865,0,0,1832,0,0,1832,0,0,1862,0,0,1,0.0,0.0,0.0,0.0,0.0,0.0,0.0,0.0,0.0,0.0,0.0,0.0,0.0,0.0,0.0,0.0,0.0,0.0,0.0,0.0,0.0,0.0,0.0,0.0,0.0,0.0,0.0,0.0,0.0,0.0,0.0,0.0,0.0,0.0,,,0.0,0.0,0.0,0.0,0.0,1.0,0.0,0.0,0.0,0.0,0.0,0.0,0.0,0.0,20.0,53.0,53.0,23.0,37.25,1.885,1.0,1885.0,0.0,0.0
13,Saxony,1895,1939091.0,3787688.0,51.19458,0,1,1.0,51.05,13.733334,848.7664,1865,0,0,1865,0,0,1832,0,0,1832,0,0,1862,0,0,1,0.0,0.0,0.0,0.0,0.0,0.0,0.0,0.0,0.0,0.0,0.0,0.0,0.0,0.0,0.0,0.0,0.0,0.0,0.0,0.0,0.0,0.0,0.0,0.0,0.0,0.0,0.0,0.0,0.0,0.0,0.0,0.0,0.0,0.0,,,0.0,0.0,0.0,0.0,0.0,0.0,1.0,0.0,0.0,0.0,0.0,0.0,0.0,0.0,30.0,63.0,63.0,33.0,47.25,1.895,1.0,1895.0,0.0,0.0
13,Saxony,1900,2270152.0,4202216.0,54.022736,0,1,1.0,51.05,13.733334,848.7664,1865,0,0,1865,0,0,1832,0,0,1832,0,0,1862,0,0,1,0.0,0.0,0.0,0.0,0.0,1.0,0.0,0.0,0.0,0.0,0.0,0.0,0.0,0.0,0.0,1.0,0.0,0.0,0.0,0.0,51.05,0.0,0.0,0.0,0.0,13.733334,0.0,0.0,0.0,0.0,848.7664,0.0,0.0,1.0,1019997.0,13.92161,0.0,0.0,0.0,13.92161,0.0,0.0,0.0,0.0,0.0,0.0,0.0,0.0,0.0,0.0,35.0,68.0,68.0,38.0,52.25,1.9,1.0,1900.0,0.0,0.0
13,Saxony,1905,2581303.0,4508601.0,57.25286,0,1,1.0,51.05,13.733334,848.7664,1865,0,0,1865,0,0,1832,0,0,1832,0,0,1862,0,0,1,0.0,0.0,0.0,0.0,0.0,0.0,0.0,0.0,0.0,0.0,0.0,0.0,0.0,0.0,0.0,0.0,0.0,0.0,0.0,0.0,0.0,0.0,0.0,0.0,0.0,0.0,0.0,0.0,0.0,0.0,0.0,0.0,0.0,0.0,,,0.0,0.0,0.0,0.0,0.0,0.0,0.0,1.0,0.0,0.0,0.0,0.0,0.0,0.0,40.0,73.0,73.0,43.0,57.25,1.905,1.0,1905.0,0.0,0.0
13,Saxony,1910,2902681.0,4806661.0,60.388718,0,1,1.0,51.05,13.733334,848.7664,1865,0,0,1865,0,0,1832,0,0,1832,0,0,1862,0,0,1,0.0,0.0,0.0,0.0,0.0,0.0,0.0,0.0,0.0,0.0,0.0,0.0,0.0,0.0,0.0,0.0,0.0,0.0,0.0,0.0,0.0,0.0,0.0,0.0,0.0,0.0,0.0,0.0,0.0,0.0,0.0,0.0,0.0,0.0,,,0.0,0.0,0.0,0.0,0.0,0.0,0.0,0.0,1.0,0.0,0.0,0.0,0.0,0.0,45.0,78.0,78.0,48.0,62.25,1.91,1.0,1910.0,0.0,0.0
14,Brandenburg,1700,71000.0,373176.0,19.025852,0,0,1.0,52.4,13.066667,851.01263,1900,0,0,1794,0,0,1811,0,0,1821,0,0,1810,0,0,1,1.0,0.0,0.0,0.0,0.0,0.0,0.0,0.0,0.0,0.0,0.0,0.0,0.0,0.0,0.0,0.0,0.0,0.0,0.0,0.0,0.0,0.0,0.0,0.0,0.0,0.0,0.0,0.0,0.0,0.0,0.0,0.0,0.0,0.0,796551.0,18.956732,0.0,0.0,0.0,0.0,0.0,0.0,0.0,0.0,0.0,0.0,0.0,0.0,0.0,0.0,0.0,0.0,0.0,0.0,0.0,1.7,0.0,0.0,0.0,0.0
14,Brandenburg,1750,151000.0,796551.0,18.956732,0,0,1.0,52.4,13.066667,851.01263,1900,0,0,1794,0,0,1811,0,0,1821,0,0,1810,0,0,1,0.0,1.0,0.0,0.0,0.0,0.0,0.0,0.0,0.0,0.0,0.0,1.0,0.0,0.0,0.0,0.0,52.4,0.0,0.0,0.0,0.0,13.066667,0.0,0.0,0.0,0.0,851.01263,0.0,0.0,0.0,0.0,0.0,0.0,0.0,796551.0,18.956732,0.0,0.0,0.0,0.0,0.0,0.0,0.0,0.0,0.0,0.0,0.0,0.0,0.0,0.0,0.0,0.0,0.0,0.0,0.0,1.75,0.0,0.0,0.0,0.0
14,Brandenburg,1800,265000.0,1177432.0,22.506605,0,0,1.0,52.4,13.066667,851.01263,1900,0,0,1794,0,0,1811,0,0,1821,0,0,1810,0,0,1,0.0,0.0,1.0,0.0,0.0,0.0,0.0,0.0,0.0,0.0,0.0,0.0,1.0,0.0,0.0,0.0,0.0,52.4,0.0,0.0,0.0,0.0,13.066667,0.0,0.0,0.0,0.0,851.01263,0.0,0.0,0.0,0.0,0.0,0.0,796551.0,18.956732,18.956732,0.0,0.0,0.0,0.0,0.0,0.0,0.0,0.0,0.0,0.0,0.0,0.0,0.0,0.0,0.0,0.0,0.0,0.0,1.8,0.0,0.0,0.0,0.0
14,Brandenburg,1850,717996.0,2156736.0,33.290863,0,0,1.0,52.4,13.066667,851.01263,1900,0,0,1794,0,0,1811,0,0,1821,0,0,1810,0,0,1,0.0,0.0,0.0,1.0,0.0,0.0,0.0,0.0,0.0,0.0,0.0,0.0,0.0,1.0,0.0,0.0,0.0,0.0,52.4,0.0,0.0,0.0,0.0,13.066667,0.0,0.0,0.0,0.0,851.01263,0.0,0.0,1.0,0.0,0.0,796551.0,18.956732,0.0,18.956732,0.0,0.0,0.0,0.0,0.0,0.0,0.0,0.0,0.0,0.0,0.0,0.0,0.0,39.0,29.0,40.0,27.0,1.85,1.0,1850.0,0.0,0.0
14,Brandenburg,1875,1570404.0,3126372.0,50.230873,0,0,1.0,52.4,13.066667,851.01263,1900,0,0,1794,0,0,1811,0,0,1821,0,0,1810,0,0,1,0.0,0.0,0.0,0.0,1.0,0.0,0.0,0.0,0.0,0.0,0.0,0.0,0.0,0.0,1.0,0.0,0.0,0.0,0.0,52.4,0.0,0.0,0.0,0.0,13.066667,0.0,0.0,0.0,0.0,851.01263,0.0,0.0,1.0,0.0,796551.0,18.956732,0.0,0.0,18.956732,0.0,0.0,0.0,0.0,0.0,0.0,0.0,0.0,0.0,0.0,0.0,0.0,64.0,54.0,65.0,45.75,1.875,1.0,1875.0,0.0,0.0
14,Brandenburg,1880,,,,0,0,1.0,52.4,13.066667,851.01263,1900,0,0,1794,0,0,1811,0,0,1821,0,0,1810,0,0,1,0.0,0.0,0.0,0.0,0.0,0.0,0.0,0.0,0.0,0.0,0.0,0.0,0.0,0.0,0.0,0.0,0.0,0.0,0.0,0.0,0.0,0.0,0.0,0.0,0.0,0.0,0.0,0.0,0.0,0.0,0.0,0.0,0.0,0.0,,,0.0,0.0,0.0,0.0,1.0,0.0,0.0,0.0,0.0,0.0,0.0,0.0,0.0,0.0,0.0,69.0,59.0,70.0,49.5,1.88,1.0,1880.0,0.0,0.0
14,Brandenburg,1885,,,,0,0,1.0,52.4,13.066667,851.01263,1900,0,0,1794,0,0,1811,0,0,1821,0,0,1810,0,0,1,0.0,0.0,0.0,0.0,0.0,0.0,0.0,0.0,0.0,0.0,0.0,0.0,0.0,0.0,0.0,0.0,0.0,0.0,0.0,0.0,0.0,0.0,0.0,0.0,0.0,0.0,0.0,0.0,0.0,0.0,0.0,0.0,0.0,0.0,,,0.0,0.0,0.0,0.0,0.0,1.0,0.0,0.0,0.0,0.0,0.0,0.0,0.0,0.0,0.0,74.0,64.0,75.0,53.25,1.885,1.0,1885.0,0.0,0.0
14,Brandenburg,1895,,,,0,0,1.0,52.4,13.066667,851.01263,1900,0,0,1794,0,0,1811,0,0,1821,0,0,1810,0,0,1,0.0,0.0,0.0,0.0,0.0,0.0,0.0,0.0,0.0,0.0,0.0,0.0,0.0,0.0,0.0,0.0,0.0,0.0,0.0,0.0,0.0,0.0,0.0,0.0,0.0,0.0,0.0,0.0,0.0,0.0,0.0,0.0,0.0,0.0,,,0.0,0.0,0.0,0.0,0.0,0.0,1.0,0.0,0.0,0.0,0.0,0.0,0.0,0.0,0.0,84.0,74.0,85.0,60.75,1.895,1.0,1895.0,0.0,0.0
14,Brandenburg,1900,3422168.0,4997402.0,68.47894,0,0,1.0,52.4,13.066667,851.01263,1900,0,0,1794,0,0,1811,0,0,1821,0,0,1810,0,0,1,0.0,0.0,0.0,0.0,0.0,1.0,0.0,0.0,0.0,0.0,0.0,0.0,0.0,0.0,0.0,1.0,0.0,0.0,0.0,0.0,52.4,0.0,0.0,0.0,0.0,13.066667,0.0,0.0,0.0,0.0,851.01263,0.0,0.0,1.0,796551.0,18.956732,0.0,0.0,0.0,18.956732,0.0,0.0,0.0,0.0,0.0,0.0,0.0,0.0,0.0,0.0,0.0,89.0,79.0,90.0,64.5,1.9,1.0,1900.0,0.0,0.0
14,Brandenburg,1905,,,,0,0,1.0,52.4,13.066667,851.01263,1900,0,0,1794,0,0,1811,0,0,1821,0,0,1810,0,0,1,0.0,0.0,0.0,0.0,0.0,0.0,0.0,0.0,0.0,0.0,0.0,0.0,0.0,0.0,0.0,0.0,0.0,0.0,0.0,0.0,0.0,0.0,0.0,0.0,0.0,0.0,0.0,0.0,0.0,0.0,0.0,0.0,0.0,0.0,,,0.0,0.0,0.0,0.0,0.0,0.0,0.0,1.0,0.0,0.0,0.0,0.0,0.0,0.0,5.0,94.0,84.0,95.0,69.5,1.905,1.0,1905.0,0.0,0.0
14,Brandenburg,1910,,,,0,0,1.0,52.4,13.066667,851.01263,1900,0,0,1794,0,0,1811,0,0,1821,0,0,1810,0,0,1,0.0,0.0,0.0,0.0,0.0,0.0,0.0,0.0,0.0,0.0,0.0,0.0,0.0,0.0,0.0,0.0,0.0,0.0,0.0,0.0,0.0,0.0,0.0,0.0,0.0,0.0,0.0,0.0,0.0,0.0,0.0,0.0,0.0,0.0,,,0.0,0.0,0.0,0.0,0.0,0.0,0.0,0.0,1.0,0.0,0.0,0.0,0.0,0.0,10.0,99.0,89.0,100.0,74.5,1.91,1.0,1910.0,0.0,0.0
15,Schleswig-Holstein,1700,12000.0,506015.0,2.3714712,0,0,1.0,54.516666,9.566667,801.38916,1900,0,0,1900,0,0,1805,0,0,1805,0,0,1867,0,0,1,1.0,0.0,0.0,0.0,0.0,0.0,0.0,0.0,0.0,0.0,0.0,0.0,0.0,0.0,0.0,0.0,0.0,0.0,0.0,0.0,0.0,0.0,0.0,0.0,0.0,0.0,0.0,0.0,0.0,0.0,0.0,0.0,0.0,0.0,540680.0,6.288378,0.0,0.0,0.0,0.0,0.0,0.0,0.0,0.0,0.0,0.0,0.0,0.0,0.0,0.0,0.0,0.0,0.0,0.0,0.0,1.7,0.0,0.0,0.0,0.0
15,Schleswig-Holstein,1750,34000.0,540680.0,6.288378,0,0,1.0,54.516666,9.566667,801.38916,1900,0,0,1900,0,0,1805,0,0,1805,0,0,1867,0,0,1,0.0,1.0,0.0,0.0,0.0,0.0,0.0,0.0,0.0,0.0,0.0,1.0,0.0,0.0,0.0,0.0,54.516666,0.0,0.0,0.0,0.0,9.566667,0.0,0.0,0.0,0.0,801.38916,0.0,0.0,0.0,0.0,0.0,0.0,0.0,540680.0,6.288378,0.0,0.0,0.0,0.0,0.0,0.0,0.0,0.0,0.0,0.0,0.0,0.0,0.0,0.0,0.0,0.0,0.0,0.0,0.0,1.75,0.0,0.0,0.0,0.0
15,Schleswig-Holstein,1800,64000.0,631151.0,10.140204,0,0,1.0,54.516666,9.566667,801.38916,1900,0,0,1900,0,0,1805,0,0,1805,0,0,1867,0,0,1,0.0,0.0,1.0,0.0,0.0,0.0,0.0,0.0,0.0,0.0,0.0,0.0,1.0,0.0,0.0,0.0,0.0,54.516666,0.0,0.0,0.0,0.0,9.566667,0.0,0.0,0.0,0.0,801.38916,0.0,0.0,0.0,0.0,0.0,0.0,540680.0,6.288378,6.288378,0.0,0.0,0.0,0.0,0.0,0.0,0.0,0.0,0.0,0.0,0.0,0.0,0.0,0.0,0.0,0.0,0.0,0.0,1.8,0.0,0.0,0.0,0.0
15,Schleswig-Holstein,1850,120039.0,925900.0,12.964575,0,0,1.0,54.516666,9.566667,801.38916,1900,0,0,1900,0,0,1805,0,0,1805,0,0,1867,0,0,1,0.0,0.0,0.0,1.0,0.0,0.0,0.0,0.0,0.0,0.0,0.0,0.0,0.0,1.0,0.0,0.0,0.0,0.0,54.516666,0.0,0.0,0.0,0.0,9.566667,0.0,0.0,0.0,0.0,801.38916,0.0,0.0,1.0,0.0,0.0,540680.0,6.288378,0.0,6.288378,0.0,0.0,0.0,0.0,0.0,0.0,0.0,0.0,0.0,0.0,0.0,0.0,0.0,45.0,45.0,0.0,22.5,1.85,1.0,1850.0,0.0,0.0
15,Schleswig-Holstein,1875,290417.0,1073926.0,27.042553,0,0,1.0,54.516666,9.566667,801.38916,1900,0,0,1900,0,0,1805,0,0,1805,0,0,1867,0,0,1,0.0,0.0,0.0,0.0,1.0,0.0,0.0,0.0,0.0,0.0,0.0,0.0,0.0,0.0,1.0,0.0,0.0,0.0,0.0,54.516666,0.0,0.0,0.0,0.0,9.566667,0.0,0.0,0.0,0.0,801.38916,0.0,0.0,1.0,0.0,540680.0,6.288378,0.0,0.0,6.288378,0.0,0.0,0.0,0.0,0.0,0.0,0.0,0.0,0.0,0.0,0.0,0.0,70.0,70.0,8.0,37.0,1.875,1.0,1875.0,0.0,0.0
15,Schleswig-Holstein,1880,332966.0,1127149.0,29.540548,0,0,1.0,54.516666,9.566667,801.38916,1900,0,0,1900,0,0,1805,0,0,1805,0,0,1867,0,0,1,0.0,0.0,0.0,0.0,0.0,0.0,0.0,0.0,0.0,0.0,0.0,0.0,0.0,0.0,0.0,0.0,0.0,0.0,0.0,0.0,0.0,0.0,0.0,0.0,0.0,0.0,0.0,0.0,0.0,0.0,0.0,0.0,0.0,0.0,,,0.0,0.0,0.0,0.0,1.0,0.0,0.0,0.0,0.0,0.0,0.0,0.0,0.0,0.0,0.0,75.0,75.0,13.0,40.75,1.88,1.0,1880.0,0.0,0.0
15,Schleswig-Holstein,1885,364639.0,1150306.0,31.699305,0,0,1.0,54.516666,9.566667,801.38916,1900,0,0,1900,0,0,1805,0,0,1805,0,0,1867,0,0,1,0.0,0.0,0.0,0.0,0.0,0.0,0.0,0.0,0.0,0.0,0.0,0.0,0.0,0.0,0.0,0.0,0.0,0.0,0.0,0.0,0.0,0.0,0.0,0.0,0.0,0.0,0.0,0.0,0.0,0.0,0.0,0.0,0.0,0.0,,,0.0,0.0,0.0,0.0,0.0,1.0,0.0,0.0,0.0,0.0,0.0,0.0,0.0,0.0,0.0,80.0,80.0,18.0,44.5,1.885,1.0,1885.0,0.0,0.0
15,Schleswig-Holstein,1895,468562.0,1286416.0,36.423832,0,0,1.0,54.516666,9.566667,801.38916,1900,0,0,1900,0,0,1805,0,0,1805,0,0,1867,0,0,1,0.0,0.0,0.0,0.0,0.0,0.0,0.0,0.0,0.0,0.0,0.0,0.0,0.0,0.0,0.0,0.0,0.0,0.0,0.0,0.0,0.0,0.0,0.0,0.0,0.0,0.0,0.0,0.0,0.0,0.0,0.0,0.0,0.0,0.0,,,0.0,0.0,0.0,0.0,0.0,0.0,1.0,0.0,0.0,0.0,0.0,0.0,0.0,0.0,0.0,90.0,90.0,28.0,52.0,1.895,1.0,1895.0,0.0,0.0
15,Schleswig-Holstein,1900,545951.0,1387968.0,39.334553,0,0,1.0,54.516666,9.566667,801.38916,1900,0,0,1900,0,0,1805,0,0,1805,0,0,1867,0,0,1,0.0,0.0,0.0,0.0,0.0,1.0,0.0,0.0,0.0,0.0,0.0,0.0,0.0,0.0,0.0,1.0,0.0,0.0,0.0,0.0,54.516666,0.0,0.0,0.0,0.0,9.566667,0.0,0.0,0.0,0.0,801.38916,0.0,0.0,1.0,540680.0,6.288378,0.0,0.0,0.0,6.288378,0.0,0.0,0.0,0.0,0.0,0.0,0.0,0.0,0.0,0.0,0.0,95.0,95.0,33.0,55.75,1.9,1.0,1900.0,0.0,0.0
15,Schleswig-Holstein,1905,641107.0,1504248.0,42.619766,0,0,1.0,54.516666,9.566667,801.38916,1900,0,0,1900,0,0,1805,0,0,1805,0,0,1867,0,0,1,0.0,0.0,0.0,0.0,0.0,0.0,0.0,0.0,0.0,0.0,0.0,0.0,0.0,0.0,0.0,0.0,0.0,0.0,0.0,0.0,0.0,0.0,0.0,0.0,0.0,0.0,0.0,0.0,0.0,0.0,0.0,0.0,0.0,0.0,,,0.0,0.0,0.0,0.0,0.0,0.0,0.0,1.0,0.0,0.0,0.0,0.0,0.0,0.0,5.0,100.0,100.0,38.0,60.75,1.905,1.0,1905.0,0.0,0.0
15,Schleswig-Holstein,1910,756029.0,1621004.0,46.639553,0,0,1.0,54.516666,9.566667,801.38916,1900,0,0,1900,0,0,1805,0,0,1805,0,0,1867,0,0,1,0.0,0.0,0.0,0.0,0.0,0.0,0.0,0.0,0.0,0.0,0.0,0.0,0.0,0.0,0.0,0.0,0.0,0.0,0.0,0.0,0.0,0.0,0.0,0.0,0.0,0.0,0.0,0.0,0.0,0.0,0.0,0.0,0.0,0.0,,,0.0,0.0,0.0,0.0,0.0,0.0,0.0,0.0,1.0,0.0,0.0,0.0,0.0,0.0,10.0,105.0,105.0,43.0,65.75,1.91,1.0,1910.0,0.0,0.0
16,"Hessen-Darmstadt, right of the Rhine",1700,0.0,200371.0,0.0,0,1,0.8,49.866665,8.65,469.5561,1900,0,0,1900,0,0,1811,0,0,1816,0,0,1866,0,0,11,1.0,0.0,0.0,0.0,0.0,0.0,0.0,0.0,0.0,0.0,0.0,0.0,0.0,0.0,0.0,0.0,0.0,0.0,0.0,0.0,0.0,0.0,0.0,0.0,0.0,0.0,0.0,0.0,0.0,0.0,0.0,0.0,0.0,0.0,264476.0,4.1591654,0.0,0.0,0.0,0.0,0.0,0.0,0.0,0.0,0.0,0.0,0.0,0.0,0.0,0.0,0.0,0.0,0.0,0.0,0.0,1.7,0.0,0.0,0.0,0.0
16,"Hessen-Darmstadt, right of the Rhine",1750,11000.0,264476.0,4.1591654,0,1,0.8,49.866665,8.65,469.5561,1900,0,0,1900,0,0,1811,0,0,1816,0,0,1866,0,0,11,0.0,1.0,0.0,0.0,0.0,0.0,0.0,0.0,0.0,0.0,0.0,0.8,0.0,0.0,0.0,0.0,49.866665,0.0,0.0,0.0,0.0,8.65,0.0,0.0,0.0,0.0,469.5561,0.0,0.0,0.0,0.0,0.0,0.0,0.0,264476.0,4.1591654,0.0,0.0,0.0,0.0,0.0,0.0,0.0,0.0,0.0,0.0,0.0,0.0,0.0,0.0,0.0,0.0,0.0,0.0,0.0,1.75,0.0,0.0,0.0,0.0
16,"Hessen-Darmstadt, right of the Rhine",1800,14000.0,412552.0,3.393513,0,1,0.8,49.866665,8.65,469.5561,1900,0,0,1900,0,0,1811,0,0,1816,0,0,1866,0,0,11,0.0,0.0,1.0,0.0,0.0,0.0,0.0,0.0,0.0,0.0,0.0,0.0,0.8,0.0,0.0,0.0,0.0,49.866665,0.0,0.0,0.0,0.0,8.65,0.0,0.0,0.0,0.0,469.5561,0.0,0.0,0.0,0.0,0.0,0.0,264476.0,4.1591654,4.1591654,0.0,0.0,0.0,0.0,0.0,0.0,0.0,0.0,0.0,0.0,0.0,0.0,0.0,0.0,0.0,0.0,0.0,0.0,1.8,0.0,0.0,0.0,0.0
16,"Hessen-Darmstadt, right of the Rhine",1850,50687.0,588592.0,8.6115675,0,1,0.8,49.866665,8.65,469.5561,1900,0,0,1900,0,0,1811,0,0,1816,0,0,1866,0,0,11,0.0,0.0,0.0,1.0,0.0,0.0,0.0,0.0,0.0,0.0,0.0,0.0,0.0,0.8,0.0,0.0,0.0,0.0,49.866665,0.0,0.0,0.0,0.0,8.65,0.0,0.0,0.0,0.0,469.5561,0.0,0.0,11.0,0.0,0.0,264476.0,4.1591654,0.0,4.1591654,0.0,0.0,0.0,0.0,0.0,0.0,0.0,0.0,0.0,0.0,0.0,0.0,0.0,39.0,34.0,0.0,18.25,1.85,1.0,1850.0,0.0,0.0
16,"Hessen-Darmstadt, right of the Rhine",1875,93917.0,624206.0,15.045835,0,1,0.8,49.866665,8.65,469.5561,1900,0,0,1900,0,0,1811,0,0,1816,0,0,1866,0,0,11,0.0,0.0,0.0,0.0,1.0,0.0,0.0,0.0,0.0,0.0,0.0,0.0,0.0,0.0,0.8,0.0,0.0,0.0,0.0,49.866665,0.0,0.0,0.0,0.0,8.65,0.0,0.0,0.0,0.0,469.5561,0.0,0.0,11.0,0.0,264476.0,4.1591654,0.0,0.0,4.1591654,0.0,0.0,0.0,0.0,0.0,0.0,0.0,0.0,0.0,0.0,0.0,0.0,64.0,59.0,9.0,33.0,1.875,1.0,1875.0,0.0,0.0
16,"Hessen-Darmstadt, right of the Rhine",1880,,,,0,1,0.8,49.866665,8.65,469.5561,1900,0,0,1900,0,0,1811,0,0,1816,0,0,1866,0,0,11,0.0,0.0,0.0,0.0,0.0,0.0,0.0,0.0,0.0,0.0,0.0,0.0,0.0,0.0,0.0,0.0,0.0,0.0,0.0,0.0,0.0,0.0,0.0,0.0,0.0,0.0,0.0,0.0,0.0,0.0,0.0,0.0,0.0,0.0,,,0.0,0.0,0.0,0.0,1.0,0.0,0.0,0.0,0.0,0.0,0.0,0.0,0.0,0.0,0.0,69.0,64.0,14.0,36.75,1.88,1.0,1880.0,0.0,0.0
16,"Hessen-Darmstadt, right of the Rhine",1885,,,,0,1,0.8,49.866665,8.65,469.5561,1900,0,0,1900,0,0,1811,0,0,1816,0,0,1866,0,0,11,0.0,0.0,0.0,0.0,0.0,0.0,0.0,0.0,0.0,0.0,0.0,0.0,0.0,0.0,0.0,0.0,0.0,0.0,0.0,0.0,0.0,0.0,0.0,0.0,0.0,0.0,0.0,0.0,0.0,0.0,0.0,0.0,0.0,0.0,,,0.0,0.0,0.0,0.0,0.0,1.0,0.0,0.0,0.0,0.0,0.0,0.0,0.0,0.0,0.0,74.0,69.0,19.0,40.5,1.885,1.0,1885.0,0.0,0.0
16,"Hessen-Darmstadt, right of the Rhine",1895,,,,0,1,0.8,49.866665,8.65,469.5561,1900,0,0,1900,0,0,1811,0,0,1816,0,0,1866,0,0,11,0.0,0.0,0.0,0.0,0.0,0.0,0.0,0.0,0.0,0.0,0.0,0.0,0.0,0.0,0.0,0.0,0.0,0.0,0.0,0.0,0.0,0.0,0.0,0.0,0.0,0.0,0.0,0.0,0.0,0.0,0.0,0.0,0.0,0.0,,,0.0,0.0,0.0,0.0,0.0,0.0,1.0,0.0,0.0,0.0,0.0,0.0,0.0,0.0,0.0,84.0,79.0,29.0,48.0,1.895,1.0,1895.0,0.0,0.0
16,"Hessen-Darmstadt, right of the Rhine",1900,214129.0,771559.0,27.752771,0,1,0.8,49.866665,8.65,469.5561,1900,0,0,1900,0,0,1811,0,0,1816,0,0,1866,0,0,11,0.0,0.0,0.0,0.0,0.0,1.0,0.0,0.0,0.0,0.0,0.0,0.0,0.0,0.0,0.0,0.8,0.0,0.0,0.0,0.0,49.866665,0.0,0.0,0.0,0.0,8.65,0.0,0.0,0.0,0.0,469.5561,0.0,0.0,11.0,264476.0,4.1591654,0.0,0.0,0.0,4.1591654,0.0,0.0,0.0,0.0,0.0,0.0,0.0,0.0,0.0,0.0,0.0,89.0,84.0,34.0,51.75,1.9,1.0,1900.0,0.0,0.0
16,"Hessen-Darmstadt, right of the Rhine",1905,,,,0,1,0.8,49.866665,8.65,469.5561,1900,0,0,1900,0,0,1811,0,0,1816,0,0,1866,0,0,11,0.0,0.0,0.0,0.0,0.0,0.0,0.0,0.0,0.0,0.0,0.0,0.0,0.0,0.0,0.0,0.0,0.0,0.0,0.0,0.0,0.0,0.0,0.0,0.0,0.0,0.0,0.0,0.0,0.0,0.0,0.0,0.0,0.0,0.0,,,0.0,0.0,0.0,0.0,0.0,0.0,0.0,1.0,0.0,0.0,0.0,0.0,0.0,0.0,5.0,94.0,89.0,39.0,56.75,1.905,1.0,1905.0,0.0,0.0
16,"Hessen-Darmstadt, right of the Rhine",1910,,,,0,1,0.8,49.866665,8.65,469.5561,1900,0,0,1900,0,0,1811,0,0,1816,0,0,1866,0,0,11,0.0,0.0,0.0,0.0,0.0,0.0,0.0,0.0,0.0,0.0,0.0,0.0,0.0,0.0,0.0,0.0,0.0,0.0,0.0,0.0,0.0,0.0,0.0,0.0,0.0,0.0,0.0,0.0,0.0,0.0,0.0,0.0,0.0,0.0,,,0.0,0.0,0.0,0.0,0.0,0.0,0.0,0.0,1.0,0.0,0.0,0.0,0.0,0.0,10.0,99.0,94.0,44.0,61.75,1.91,1.0,1910.0,0.0,0.0
17,Hessen-Kassel,1700,10000.0,177289.1173,5.6405044,6,1,0.8,51.316666,9.5,578.4244,1808,1814,1900,1808,1814,1900,1808,1814,1832,1809,1814,1832,1808,1816,1869,5,1.0,0.0,0.0,0.0,0.0,0.0,0.0,0.0,0.0,0.0,0.0,0.0,0.0,0.0,0.0,0.0,0.0,0.0,0.0,0.0,0.0,0.0,0.0,0.0,0.0,0.0,0.0,0.0,0.0,0.0,0.0,0.0,0.0,0.0,293812.3,9.529893,0.0,0.0,0.0,0.0,0.0,0.0,0.0,0.0,0.0,0.0,0.0,0.0,0.0,0.0,0.0,0.0,0.0,0.0,0.0,1.7,0.0,0.0,0.0,0.0
17,Hessen-Kassel,1750,28000.0,293812.3125,9.529893,6,1,0.8,51.316666,9.5,578.4244,1808,1814,1900,1808,1814,1900,1808,1814,1832,1809,1814,1832,1808,1816,1869,5,0.0,1.0,0.0,0.0,0.0,0.0,6.0,0.0,0.0,0.0,0.0,0.8,0.0,0.0,0.0,0.0,51.316666,0.0,0.0,0.0,0.0,9.5,0.0,0.0,0.0,0.0,578.4244,0.0,0.0,0.0,0.0,0.0,0.0,0.0,293812.3,9.529893,0.0,0.0,0.0,0.0,0.0,0.0,0.0,0.0,0.0,0.0,0.0,0.0,0.0,0.0,0.0,0.0,0.0,0.0,0.0,1.75,0.0,0.0,0.0,0.0
17,Hessen-Kassel,1800,41000.0,534399.0473,7.672169,6,1,0.8,51.316666,9.5,578.4244,1808,1814,1900,1808,1814,1900,1808,1814,1832,1809,1814,1832,1808,1816,1869,5,0.0,0.0,1.0,0.0,0.0,0.0,0.0,6.0,0.0,0.0,0.0,0.0,0.8,0.0,0.0,0.0,0.0,51.316666,0.0,0.0,0.0,0.0,9.5,0.0,0.0,0.0,0.0,578.4244,0.0,0.0,0.0,0.0,0.0,0.0,293812.3,9.529893,9.529893,0.0,0.0,0.0,0.0,0.0,0.0,0.0,0.0,0.0,0.0,0.0,0.0,0.0,0.0,0.0,0.0,0.0,0.0,1.8,0.0,0.0,0.0,0.0
17,Hessen-Kassel,1850,83279.0,758300.0,10.982328,6,1,0.8,51.316666,9.5,578.4244,1808,1814,1900,1808,1814,1900,1808,1814,1832,1809,1814,1832,1808,1816,1869,5,0.0,0.0,0.0,1.0,0.0,0.0,0.0,0.0,6.0,0.0,0.0,0.0,0.0,0.8,0.0,0.0,0.0,0.0,51.316666,0.0,0.0,0.0,0.0,9.5,0.0,0.0,0.0,0.0,578.4244,0.0,0.0,5.0,0.0,0.0,293812.3,9.529893,0.0,9.529893,0.0,0.0,0.0,0.0,0.0,0.0,0.0,0.0,0.0,0.0,0.0,0.0,6.0,24.0,23.0,8.0,15.25,1.85,1.0,1850.0,6.0,11.1
17,Hessen-Kassel,1875,129300.0,788886.0,16.390202,6,1,0.8,51.316666,9.5,578.4244,1808,1814,1900,1808,1814,1900,1808,1814,1832,1809,1814,1832,1808,1816,1869,5,0.0,0.0,0.0,0.0,1.0,0.0,0.0,0.0,0.0,6.0,0.0,0.0,0.0,0.0,0.8,0.0,0.0,0.0,0.0,51.316666,0.0,0.0,0.0,0.0,9.5,0.0,0.0,0.0,0.0,578.4244,0.0,0.0,5.0,0.0,293812.3,9.529893,0.0,0.0,9.529893,0.0,0.0,0.0,0.0,0.0,0.0,0.0,0.0,0.0,0.0,0.0,6.0,49.0,48.0,14.0,29.25,1.875,1.0,1875.0,6.0,11.25
17,Hessen-Kassel,1880,,,,6,1,0.8,51.316666,9.5,578.4244,1808,1814,1900,1808,1814,1900,1808,1814,1832,1809,1814,1832,1808,1816,1869,5,0.0,0.0,0.0,0.0,0.0,0.0,0.0,0.0,0.0,0.0,0.0,0.0,0.0,0.0,0.0,0.0,0.0,0.0,0.0,0.0,0.0,0.0,0.0,0.0,0.0,0.0,0.0,0.0,0.0,0.0,0.0,0.0,0.0,0.0,,,0.0,0.0,0.0,0.0,1.0,0.0,0.0,0.0,0.0,6.0,0.0,0.0,0.0,0.0,6.0,54.0,53.0,19.0,33.0,1.88,1.0,1880.0,6.0,11.28
17,Hessen-Kassel,1885,,,,6,1,0.8,51.316666,9.5,578.4244,1808,1814,1900,1808,1814,1900,1808,1814,1832,1809,1814,1832,1808,1816,1869,5,0.0,0.0,0.0,0.0,0.0,0.0,0.0,0.0,0.0,0.0,0.0,0.0,0.0,0.0,0.0,0.0,0.0,0.0,0.0,0.0,0.0,0.0,0.0,0.0,0.0,0.0,0.0,0.0,0.0,0.0,0.0,0.0,0.0,0.0,,,0.0,0.0,0.0,0.0,0.0,1.0,0.0,0.0,0.0,0.0,6.0,0.0,0.0,0.0,6.0,59.0,58.0,24.0,36.75,1.885,1.0,1885.0,6.0,11.309999
17,Hessen-Kassel,1895,,,,6,1,0.8,51.316666,9.5,578.4244,1808,1814,1900,1808,1814,1900,1808,1814,1832,1809,1814,1832,1808,1816,1869,5,0.0,0.0,0.0,0.0,0.0,0.0,0.0,0.0,0.0,0.0,0.0,0.0,0.0,0.0,0.0,0.0,0.0,0.0,0.0,0.0,0.0,0.0,0.0,0.0,0.0,0.0,0.0,0.0,0.0,0.0,0.0,0.0,0.0,0.0,,,0.0,0.0,0.0,0.0,0.0,0.0,1.0,0.0,0.0,0.0,0.0,6.0,0.0,0.0,6.0,69.0,68.0,34.0,44.25,1.895,1.0,1895.0,6.0,11.37
17,Hessen-Kassel,1900,209479.0,890142.0,23.53321,6,1,0.8,51.316666,9.5,578.4244,1808,1814,1900,1808,1814,1900,1808,1814,1832,1809,1814,1832,1808,1816,1869,5,0.0,0.0,0.0,0.0,0.0,1.0,0.0,0.0,0.0,0.0,6.0,0.0,0.0,0.0,0.0,0.8,0.0,0.0,0.0,0.0,51.316666,0.0,0.0,0.0,0.0,9.5,0.0,0.0,0.0,0.0,578.4244,0.0,0.0,5.0,293812.3,9.529893,0.0,0.0,0.0,9.529893,0.0,0.0,0.0,0.0,0.0,0.0,0.0,0.0,0.0,0.0,6.0,74.0,73.0,39.0,48.0,1.9,1.0,1900.0,6.0,11.4
17,Hessen-Kassel,1905,,,,6,1,0.8,51.316666,9.5,578.4244,1808,1814,1900,1808,1814,1900,1808,1814,1832,1809,1814,1832,1808,1816,1869,5,0.0,0.0,0.0,0.0,0.0,0.0,0.0,0.0,0.0,0.0,0.0,0.0,0.0,0.0,0.0,0.0,0.0,0.0,0.0,0.0,0.0,0.0,0.0,0.0,0.0,0.0,0.0,0.0,0.0,0.0,0.0,0.0,0.0,0.0,,,0.0,0.0,0.0,0.0,0.0,0.0,0.0,1.0,0.0,0.0,0.0,0.0,6.0,0.0,11.0,79.0,78.0,44.0,53.0,1.905,1.0,1905.0,6.0,11.43
17,Hessen-Kassel,1910,,,,6,1,0.8,51.316666,9.5,578.4244,1808,1814,1900,1808,1814,1900,1808,1814,1832,1809,1814,1832,1808,1816,1869,5,0.0,0.0,0.0,0.0,0.0,0.0,0.0,0.0,0.0,0.0,0.0,0.0,0.0,0.0,0.0,0.0,0.0,0.0,0.0,0.0,0.0,0.0,0.0,0.0,0.0,0.0,0.0,0.0,0.0,0.0,0.0,0.0,0.0,0.0,,,0.0,0.0,0.0,0.0,0.0,0.0,0.0,0.0,1.0,0.0,0.0,0.0,0.0,6.0,16.0,84.0,83.0,49.0,58.0,1.91,1.0,1910.0,6.0,11.46
18,East Prussia,1700,35000.0,344504.0,10.1595335,0,0,0.85,54.733334,20.483334,1401.5665,1900,0,0,1794,0,0,1811,0,0,1821,0,0,1810,0,0,1,1.0,0.0,0.0,0.0,0.0,0.0,0.0,0.0,0.0,0.0,0.0,0.0,0.0,0.0,0.0,0.0,0.0,0.0,0.0,0.0,0.0,0.0,0.0,0.0,0.0,0.0,0.0,0.0,0.0,0.0,0.0,0.0,0.0,0.0,553977.0,11.913852,0.0,0.0,0.0,0.0,0.0,0.0,0.0,0.0,0.0,0.0,0.0,0.0,0.0,0.0,0.0,0.0,0.0,0.0,0.0,1.7,0.0,0.0,0.0,0.0
18,East Prussia,1750,66000.0,553977.0,11.913852,0,0,0.85,54.733334,20.483334,1401.5665,1900,0,0,1794,0,0,1811,0,0,1821,0,0,1810,0,0,1,0.0,1.0,0.0,0.0,0.0,0.0,0.0,0.0,0.0,0.0,0.0,0.85,0.0,0.0,0.0,0.0,54.733334,0.0,0.0,0.0,0.0,20.483334,0.0,0.0,0.0,0.0,1401.5665,0.0,0.0,0.0,0.0,0.0,0.0,0.0,553977.0,11.913852,0.0,0.0,0.0,0.0,0.0,0.0,0.0,0.0,0.0,0.0,0.0,0.0,0.0,0.0,0.0,0.0,0.0,0.0,0.0,1.75,0.0,0.0,0.0,0.0
18,East Prussia,1800,90000.0,824990.0,10.909224,0,0,0.85,54.733334,20.483334,1401.5665,1900,0,0,1794,0,0,1811,0,0,1821,0,0,1810,0,0,1,0.0,0.0,1.0,0.0,0.0,0.0,0.0,0.0,0.0,0.0,0.0,0.0,0.85,0.0,0.0,0.0,0.0,54.733334,0.0,0.0,0.0,0.0,20.483334,0.0,0.0,0.0,0.0,1401.5665,0.0,0.0,0.0,0.0,0.0,0.0,553977.0,11.913852,11.913852,0.0,0.0,0.0,0.0,0.0,0.0,0.0,0.0,0.0,0.0,0.0,0.0,0.0,0.0,0.0,0.0,0.0,0.0,1.8,0.0,0.0,0.0,0.0
18,East Prussia,1850,128074.0,1485806.0,8.619833,0,0,0.85,54.733334,20.483334,1401.5665,1900,0,0,1794,0,0,1811,0,0,1821,0,0,1810,0,0,1,0.0,0.0,0.0,1.0,0.0,0.0,0.0,0.0,0.0,0.0,0.0,0.0,0.0,0.85,0.0,0.0,0.0,0.0,54.733334,0.0,0.0,0.0,0.0,20.483334,0.0,0.0,0.0,0.0,1401.5665,0.0,0.0,1.0,0.0,0.0,553977.0,11.913852,0.0,11.913852,0.0,0.0,0.0,0.0,0.0,0.0,0.0,0.0,0.0,0.0,0.0,0.0,0.0,39.0,29.0,40.0,27.0,1.85,1.0,1850.0,0.0,0.0
18,East Prussia,1875,188530.0,1101647.0,17.113468,0,0,0.85,54.733334,20.483334,1401.5665,1900,0,0,1794,0,0,1811,0,0,1821,0,0,1810,0,0,1,0.0,0.0,0.0,0.0,1.0,0.0,0.0,0.0,0.0,0.0,0.0,0.0,0.0,0.0,0.85,0.0,0.0,0.0,0.0,54.733334,0.0,0.0,0.0,0.0,20.483334,0.0,0.0,0.0,0.0,1401.5665,0.0,0.0,1.0,0.0,553977.0,11.913852,0.0,0.0,11.913852,0.0,0.0,0.0,0.0,0.0,0.0,0.0,0.0,0.0,0.0,0.0,0.0,64.0,54.0,65.0,45.75,1.875,1.0,1875.0,0.0,0.0
18,East Prussia,1880,273005.0,1933936.0,14.116548,0,0,0.85,54.733334,20.483334,1401.5665,1900,0,0,1794,0,0,1811,0,0,1821,0,0,1810,0,0,1,0.0,0.0,0.0,0.0,0.0,0.0,0.0,0.0,0.0,0.0,0.0,0.0,0.0,0.0,0.0,0.0,0.0,0.0,0.0,0.0,0.0,0.0,0.0,0.0,0.0,0.0,0.0,0.0,0.0,0.0,0.0,0.0,0.0,0.0,,,0.0,0.0,0.0,0.0,1.0,0.0,0.0,0.0,0.0,0.0,0.0,0.0,0.0,0.0,0.0,69.0,59.0,70.0,49.5,1.88,1.0,1880.0,0.0,0.0
18,East Prussia,1885,303075.0,1959475.0,15.467154,0,0,0.85,54.733334,20.483334,1401.5665,1900,0,0,1794,0,0,1811,0,0,1821,0,0,1810,0,0,1,0.0,0.0,0.0,0.0,0.0,0.0,0.0,0.0,0.0,0.0,0.0,0.0,0.0,0.0,0.0,0.0,0.0,0.0,0.0,0.0,0.0,0.0,0.0,0.0,0.0,0.0,0.0,0.0,0.0,0.0,0.0,0.0,0.0,0.0,,,0.0,0.0,0.0,0.0,0.0,1.0,0.0,0.0,0.0,0.0,0.0,0.0,0.0,0.0,0.0,74.0,64.0,75.0,53.25,1.885,1.0,1885.0,0.0,0.0
18,East Prussia,1895,373120.0,2006689.0,18.593813,0,0,0.85,54.733334,20.483334,1401.5665,1900,0,0,1794,0,0,1811,0,0,1821,0,0,1810,0,0,1,0.0,0.0,0.0,0.0,0.0,0.0,0.0,0.0,0.0,0.0,0.0,0.0,0.0,0.0,0.0,0.0,0.0,0.0,0.0,0.0,0.0,0.0,0.0,0.0,0.0,0.0,0.0,0.0,0.0,0.0,0.0,0.0,0.0,0.0,,,0.0,0.0,0.0,0.0,0.0,0.0,1.0,0.0,0.0,0.0,0.0,0.0,0.0,0.0,0.0,84.0,74.0,85.0,60.75,1.895,1.0,1895.0,0.0,0.0
18,East Prussia,1900,418762.0,1996626.0,20.973482,0,0,0.85,54.733334,20.483334,1401.5665,1900,0,0,1794,0,0,1811,0,0,1821,0,0,1810,0,0,1,0.0,0.0,0.0,0.0,0.0,1.0,0.0,0.0,0.0,0.0,0.0,0.0,0.0,0.0,0.0,0.85,0.0,0.0,0.0,0.0,54.733334,0.0,0.0,0.0,0.0,20.483334,0.0,0.0,0.0,0.0,1401.5665,0.0,0.0,1.0,553977.0,11.913852,0.0,0.0,0.0,11.913852,0.0,0.0,0.0,0.0,0.0,0.0,0.0,0.0,0.0,0.0,0.0,89.0,79.0,90.0,64.5,1.9,1.0,1900.0,0.0,0.0
18,East Prussia,1905,497563.0,2030176.0,24.508368,0,0,0.85,54.733334,20.483334,1401.5665,1900,0,0,1794,0,0,1811,0,0,1821,0,0,1810,0,0,1,0.0,0.0,0.0,0.0,0.0,0.0,0.0,0.0,0.0,0.0,0.0,0.0,0.0,0.0,0.0,0.0,0.0,0.0,0.0,0.0,0.0,0.0,0.0,0.0,0.0,0.0,0.0,0.0,0.0,0.0,0.0,0.0,0.0,0.0,,,0.0,0.0,0.0,0.0,0.0,0.0,0.0,1.0,0.0,0.0,0.0,0.0,0.0,0.0,5.0,94.0,84.0,95.0,69.5,1.905,1.0,1905.0,0.0,0.0
18,East Prussia,1910,554226.0,2064175.0,26.849758,0,0,0.85,54.733334,20.483334,1401.5665,1900,0,0,1794,0,0,1811,0,0,1821,0,0,1810,0,0,1,0.0,0.0,0.0,0.0,0.0,0.0,0.0,0.0,0.0,0.0,0.0,0.0,0.0,0.0,0.0,0.0,0.0,0.0,0.0,0.0,0.0,0.0,0.0,0.0,0.0,0.0,0.0,0.0,0.0,0.0,0.0,0.0,0.0,0.0,,,0.0,0.0,0.0,0.0,0.0,0.0,0.0,0.0,1.0,0.0,0.0,0.0,0.0,0.0,10.0,99.0,89.0,100.0,74.5,1.91,1.0,1910.0,0.0,0.0
19,Mecklenburg-Schwerin,1700,0.0,,0.0,0,0,1.0,53.633335,11.416667,823.6575,1900,0,0,1900,0,0,1820,0,0,1862,0,0,1869,0,0,2,1.0,0.0,0.0,0.0,0.0,0.0,0.0,0.0,0.0,0.0,0.0,0.0,0.0,0.0,0.0,0.0,0.0,0.0,0.0,0.0,0.0,0.0,0.0,0.0,0.0,0.0,0.0,0.0,0.0,0.0,0.0,0.0,0.0,0.0,216807.0,2.7674384,0.0,0.0,0.0,0.0,0.0,0.0,0.0,0.0,0.0,0.0,0.0,0.0,0.0,0.0,0.0,0.0,0.0,0.0,0.0,1.7,0.0,0.0,0.0,0.0
19,Mecklenburg-Schwerin,1750,6000.0,216807.0,2.7674384,0,0,1.0,53.633335,11.416667,823.6575,1900,0,0,1900,0,0,1820,0,0,1862,0,0,1869,0,0,2,0.0,1.0,0.0,0.0,0.0,0.0,0.0,0.0,0.0,0.0,0.0,1.0,0.0,0.0,0.0,0.0,53.633335,0.0,0.0,0.0,0.0,11.416667,0.0,0.0,0.0,0.0,823.6575,0.0,0.0,0.0,0.0,0.0,0.0,0.0,216807.0,2.7674384,0.0,0.0,0.0,0.0,0.0,0.0,0.0,0.0,0.0,0.0,0.0,0.0,0.0,0.0,0.0,0.0,0.0,0.0,0.0,1.75,0.0,0.0,0.0,0.0
19,Mecklenburg-Schwerin,1800,38000.0,326667.0,11.632641,0,0,1.0,53.633335,11.416667,823.6575,1900,0,0,1900,0,0,1820,0,0,1862,0,0,1869,0,0,2,0.0,0.0,1.0,0.0,0.0,0.0,0.0,0.0,0.0,0.0,0.0,0.0,1.0,0.0,0.0,0.0,0.0,53.633335,0.0,0.0,0.0,0.0,11.416667,0.0,0.0,0.0,0.0,823.6575,0.0,0.0,0.0,0.0,0.0,0.0,216807.0,2.7674384,2.7674384,0.0,0.0,0.0,0.0,0.0,0.0,0.0,0.0,0.0,0.0,0.0,0.0,0.0,0.0,0.0,0.0,0.0,0.0,1.8,0.0,0.0,0.0,0.0
19,Mecklenburg-Schwerin,1850,65000.0,377934.0,17.19877,0,0,1.0,53.633335,11.416667,823.6575,1900,0,0,1900,0,0,1820,0,0,1862,0,0,1869,0,0,2,0.0,0.0,0.0,1.0,0.0,0.0,0.0,0.0,0.0,0.0,0.0,0.0,0.0,1.0,0.0,0.0,0.0,0.0,53.633335,0.0,0.0,0.0,0.0,11.416667,0.0,0.0,0.0,0.0,823.6575,0.0,0.0,2.0,0.0,0.0,216807.0,2.7674384,0.0,2.7674384,0.0,0.0,0.0,0.0,0.0,0.0,0.0,0.0,0.0,0.0,0.0,0.0,0.0,30.0,0.0,0.0,7.5,1.85,1.0,1850.0,0.0,0.0
19,Mecklenburg-Schwerin,1875,117918.0,553785.0,21.2931,0,0,1.0,53.633335,11.416667,823.6575,1900,0,0,1900,0,0,1820,0,0,1862,0,0,1869,0,0,2,0.0,0.0,0.0,0.0,1.0,0.0,0.0,0.0,0.0,0.0,0.0,0.0,0.0,0.0,1.0,0.0,0.0,0.0,0.0,53.633335,0.0,0.0,0.0,0.0,11.416667,0.0,0.0,0.0,0.0,823.6575,0.0,0.0,2.0,0.0,216807.0,2.7674384,0.0,0.0,2.7674384,0.0,0.0,0.0,0.0,0.0,0.0,0.0,0.0,0.0,0.0,0.0,0.0,55.0,13.0,6.0,18.5,1.875,1.0,1875.0,0.0,0.0
19,Mecklenburg-Schwerin,1880,128099.0,577055.0,22.198751,0,0,1.0,53.633335,11.416667,823.6575,1900,0,0,1900,0,0,1820,0,0,1862,0,0,1869,0,0,2,0.0,0.0,0.0,0.0,0.0,0.0,0.0,0.0,0.0,0.0,0.0,0.0,0.0,0.0,0.0,0.0,0.0,0.0,0.0,0.0,0.0,0.0,0.0,0.0,0.0,0.0,0.0,0.0,0.0,0.0,0.0,0.0,0.0,0.0,,,0.0,0.0,0.0,0.0,1.0,0.0,0.0,0.0,0.0,0.0,0.0,0.0,0.0,0.0,0.0,60.0,18.0,11.0,22.25,1.88,1.0,1880.0,0.0,0.0
19,Mecklenburg-Schwerin,1885,141185.0,575152.0,24.547424,0,0,1.0,53.633335,11.416667,823.6575,1900,0,0,1900,0,0,1820,0,0,1862,0,0,1869,0,0,2,0.0,0.0,0.0,0.0,0.0,0.0,0.0,0.0,0.0,0.0,0.0,0.0,0.0,0.0,0.0,0.0,0.0,0.0,0.0,0.0,0.0,0.0,0.0,0.0,0.0,0.0,0.0,0.0,0.0,0.0,0.0,0.0,0.0,0.0,,,0.0,0.0,0.0,0.0,0.0,1.0,0.0,0.0,0.0,0.0,0.0,0.0,0.0,0.0,0.0,65.0,23.0,16.0,26.0,1.885,1.0,1885.0,0.0,0.0
19,Mecklenburg-Schwerin,1895,166131.0,597436.0,27.80733,0,0,1.0,53.633335,11.416667,823.6575,1900,0,0,1900,0,0,1820,0,0,1862,0,0,1869,0,0,2,0.0,0.0,0.0,0.0,0.0,0.0,0.0,0.0,0.0,0.0,0.0,0.0,0.0,0.0,0.0,0.0,0.0,0.0,0.0,0.0,0.0,0.0,0.0,0.0,0.0,0.0,0.0,0.0,0.0,0.0,0.0,0.0,0.0,0.0,,,0.0,0.0,0.0,0.0,0.0,0.0,1.0,0.0,0.0,0.0,0.0,0.0,0.0,0.0,0.0,75.0,33.0,26.0,33.5,1.895,1.0,1895.0,0.0,0.0
19,Mecklenburg-Schwerin,1900,181619.0,607770.0,29.88285,0,0,1.0,53.633335,11.416667,823.6575,1900,0,0,1900,0,0,1820,0,0,1862,0,0,1869,0,0,2,0.0,0.0,0.0,0.0,0.0,1.0,0.0,0.0,0.0,0.0,0.0,0.0,0.0,0.0,0.0,1.0,0.0,0.0,0.0,0.0,53.633335,0.0,0.0,0.0,0.0,11.416667,0.0,0.0,0.0,0.0,823.6575,0.0,0.0,2.0,216807.0,2.7674384,0.0,0.0,0.0,2.7674384,0.0,0.0,0.0,0.0,0.0,0.0,0.0,0.0,0.0,0.0,0.0,80.0,38.0,31.0,37.25,1.9,1.0,1900.0,0.0,0.0
19,Mecklenburg-Schwerin,1905,198930.0,625045.0,31.826508,0,0,1.0,53.633335,11.416667,823.6575,1900,0,0,1900,0,0,1820,0,0,1862,0,0,1869,0,0,2,0.0,0.0,0.0,0.0,0.0,0.0,0.0,0.0,0.0,0.0,0.0,0.0,0.0,0.0,0.0,0.0,0.0,0.0,0.0,0.0,0.0,0.0,0.0,0.0,0.0,0.0,0.0,0.0,0.0,0.0,0.0,0.0,0.0,0.0,,,0.0,0.0,0.0,0.0,0.0,0.0,0.0,1.0,0.0,0.0,0.0,0.0,0.0,0.0,5.0,85.0,43.0,36.0,42.25,1.905,1.0,1905.0,0.0,0.0
19,Mecklenburg-Schwerin,1910,207825.0,639958.0,32.47479,0,0,1.0,53.633335,11.416667,823.6575,1900,0,0,1900,0,0,1820,0,0,1862,0,0,1869,0,0,2,0.0,0.0,0.0,0.0,0.0,0.0,0.0,0.0,0.0,0.0,0.0,0.0,0.0,0.0,0.0,0.0,0.0,0.0,0.0,0.0,0.0,0.0,0.0,0.0,0.0,0.0,0.0,0.0,0.0,0.0,0.0,0.0,0.0,0.0,,,0.0,0.0,0.0,0.0,0.0,0.0,0.0,0.0,1.0,0.0,0.0,0.0,0.0,0.0,10.0,90.0,48.0,41.0,47.25,1.91,1.0,1910.0,0.0,0.0
